Datum;Gemeentecode;Aantal
2020-03-31;3;1
2020-03-31;10;4
2020-03-31;14;9
2020-03-31;34;46
2020-03-31;47;1
2020-03-31;50;3
2020-03-31;72;1
2020-03-31;74;5
2020-03-31;80;16
2020-03-31;85;1
2020-03-31;86;4
2020-03-31;90;5
2020-03-31;98;2
2020-03-31;106;5
2020-03-31;109;5
2020-03-31;114;6
2020-03-31;118;4
2020-03-31;119;3
2020-03-31;141;8
2020-03-31;147;10
2020-03-31;148;7
2020-03-31;150;21
2020-03-31;153;24
2020-03-31;158;4
2020-03-31;160;9
2020-03-31;163;3
2020-03-31;164;6
2020-03-31;166;34
2020-03-31;168;2
2020-03-31;171;6
2020-03-31;173;8
2020-03-31;175;4
2020-03-31;177;14
2020-03-31;180;1
2020-03-31;183;7
2020-03-31;184;11
2020-03-31;189;2
2020-03-31;193;24
2020-03-31;197;1
2020-03-31;200;19
2020-03-31;202;28
2020-03-31;203;5
2020-03-31;209;12
2020-03-31;213;3
2020-03-31;214;5
2020-03-31;216;13
2020-03-31;221;3
2020-03-31;222;5
2020-03-31;225;12
2020-03-31;226;4
2020-03-31;228;24
2020-03-31;230;2
2020-03-31;232;7
2020-03-31;233;8
2020-03-31;243;8
2020-03-31;244;3
2020-03-31;246;17
2020-03-31;252;7
2020-03-31;262;2
2020-03-31;263;9
2020-03-31;267;10
2020-03-31;268;72
2020-03-31;269;6
2020-03-31;273;1
2020-03-31;274;10
2020-03-31;275;20
2020-03-31;277;1
2020-03-31;281;21
2020-03-31;285;3
2020-03-31;289;5
2020-03-31;293;2
2020-03-31;294;1
2020-03-31;296;27
2020-03-31;297;8
2020-03-31;299;16
2020-03-31;301;5
2020-03-31;302;15
2020-03-31;303;8
2020-03-31;307;24
2020-03-31;308;2
2020-03-31;310;11
2020-03-31;312;4
2020-03-31;313;1
2020-03-31;317;1
2020-03-31;321;9
2020-03-31;327;5
2020-03-31;331;11
2020-03-31;335;9
2020-03-31;339;1
2020-03-31;340;2
2020-03-31;342;9
2020-03-31;344;75
2020-03-31;345;7
2020-03-31;351;2
2020-03-31;352;5
2020-03-31;353;18
2020-03-31;355;12
2020-03-31;356;15
2020-03-31;358;5
2020-03-31;361;19
2020-03-31;362;28
2020-03-31;363;244
2020-03-31;370;2
2020-03-31;373;8
2020-03-31;375;5
2020-03-31;376;1
2020-03-31;377;3
2020-03-31;383;8
2020-03-31;384;4
2020-03-31;385;10
2020-03-31;388;13
2020-03-31;392;26
2020-03-31;394;31
2020-03-31;396;14
2020-03-31;397;4
2020-03-31;398;17
2020-03-31;399;5
2020-03-31;400;6
2020-03-31;402;13
2020-03-31;405;13
2020-03-31;406;9
2020-03-31;415;3
2020-03-31;416;6
2020-03-31;417;5
2020-03-31;420;9
2020-03-31;431;2
2020-03-31;432;1
2020-03-31;437;3
2020-03-31;439;35
2020-03-31;441;10
2020-03-31;448;1
2020-03-31;450;3
2020-03-31;451;9
2020-03-31;453;13
2020-03-31;457;2
2020-03-31;473;4
2020-03-31;479;32
2020-03-31;482;2
2020-03-31;484;29
2020-03-31;489;16
2020-03-31;498;1
2020-03-31;501;5
2020-03-31;502;20
2020-03-31;503;19
2020-03-31;505;26
2020-03-31;512;9
2020-03-31;513;13
2020-03-31;518;81
2020-03-31;523;1
2020-03-31;530;4
2020-03-31;531;3
2020-03-31;532;10
2020-03-31;534;3
2020-03-31;537;8
2020-03-31;542;2
2020-03-31;546;16
2020-03-31;547;5
2020-03-31;553;3
2020-03-31;556;8
2020-03-31;569;4
2020-03-31;575;8
2020-03-31;579;3
2020-03-31;589;15
2020-03-31;597;18
2020-03-31;599;120
2020-03-31;603;12
2020-03-31;606;19
2020-03-31;610;1
2020-03-31;613;4
2020-03-31;614;4
2020-03-31;622;12
2020-03-31;626;4
2020-03-31;627;4
2020-03-31;629;2
2020-03-31;632;22
2020-03-31;637;21
2020-03-31;638;2
2020-03-31;642;9
2020-03-31;654;3
2020-03-31;664;5
2020-03-31;668;9
2020-03-31;677;4
2020-03-31;678;1
2020-03-31;687;10
2020-03-31;703;4
2020-03-31;715;11
2020-03-31;716;20
2020-03-31;717;3
2020-03-31;718;5
2020-03-31;736;11
2020-03-31;737;1
2020-03-31;743;4
2020-03-31;744;1
2020-03-31;748;11
2020-03-31;753;18
2020-03-31;755;21
2020-03-31;756;8
2020-03-31;757;9
2020-03-31;758;113
2020-03-31;762;34
2020-03-31;765;3
2020-03-31;766;7
2020-03-31;770;11
2020-03-31;772;46
2020-03-31;777;21
2020-03-31;779;7
2020-03-31;784;13
2020-03-31;785;16
2020-03-31;786;10
2020-03-31;788;14
2020-03-31;794;35
2020-03-31;796;67
2020-03-31;797;22
2020-03-31;798;4
2020-03-31;809;15
2020-03-31;815;6
2020-03-31;820;7
2020-03-31;823;6
2020-03-31;824;9
2020-03-31;826;23
2020-03-31;828;73
2020-03-31;840;3
2020-03-31;845;14
2020-03-31;847;8
2020-03-31;848;15
2020-03-31;851;7
2020-03-31;852;8
2020-03-31;855;115
2020-03-31;856;67
2020-03-31;858;6
2020-03-31;861;7
2020-03-31;865;23
2020-03-31;867;16
2020-03-31;873;4
2020-03-31;879;13
2020-03-31;880;8
2020-03-31;882;7
2020-03-31;889;10
2020-03-31;893;3
2020-03-31;899;9
2020-03-31;907;9
2020-03-31;917;24
2020-03-31;928;10
2020-03-31;935;25
2020-03-31;938;3
2020-03-31;944;3
2020-03-31;946;22
2020-03-31;957;25
2020-03-31;965;2
2020-03-31;971;11
2020-03-31;981;2
2020-03-31;983;64
2020-03-31;984;22
2020-03-31;986;2
2020-03-31;988;27
2020-03-31;994;2
2020-03-31;995;24
2020-03-31;1507;21
2020-03-31;1509;2
2020-03-31;1525;6
2020-03-31;1581;11
2020-03-31;1586;2
2020-03-31;1598;4
2020-03-31;1621;15
2020-03-31;1640;32
2020-03-31;1641;10
2020-03-31;1652;48
2020-03-31;1655;9
2020-03-31;1658;5
2020-03-31;1659;18
2020-03-31;1667;1
2020-03-31;1669;13
2020-03-31;1674;11
2020-03-31;1676;6
2020-03-31;1680;1
2020-03-31;1681;1
2020-03-31;1684;5
2020-03-31;1685;20
2020-03-31;1690;2
2020-03-31;1696;3
2020-03-31;1699;1
2020-03-31;1700;5
2020-03-31;1701;1
2020-03-31;1702;14
2020-03-31;1705;14
2020-03-31;1706;28
2020-03-31;1708;6
2020-03-31;1709;5
2020-03-31;1711;20
2020-03-31;1714;4
2020-03-31;1719;14
2020-03-31;1721;57
2020-03-31;1723;9
2020-03-31;1724;5
2020-03-31;1728;7
2020-03-31;1729;2
2020-03-31;1730;5
2020-03-31;1731;4
2020-03-31;1734;32
2020-03-31;1735;8
2020-03-31;1740;22
2020-03-31;1742;8
2020-03-31;1771;9
2020-03-31;1773;5
2020-03-31;1774;11
2020-03-31;1783;25
2020-03-31;1842;1
2020-03-31;1859;1
2020-03-31;1876;1
2020-03-31;1883;24
2020-03-31;1884;4
2020-03-31;1892;9
2020-03-31;1894;103
2020-03-31;1895;1
2020-03-31;1896;20
2020-03-31;1900;12
2020-03-31;1901;2
2020-03-31;1903;6
2020-03-31;1904;16
2020-03-31;1911;17
2020-03-31;1916;7
2020-03-31;1924;24
2020-03-31;1926;9
2020-03-31;1930;19
2020-03-31;1931;22
2020-03-31;1940;11
2020-03-31;1942;10
2020-03-31;1945;15
2020-03-31;1948;110
2020-03-31;1949;2
2020-03-31;1950;4
2020-03-31;1952;4
2020-03-31;1954;12
2020-03-31;1955;3
2020-03-31;1959;17
2020-03-31;1960;12
2020-03-31;1961;11
2020-03-31;1963;29
2020-03-31;1966;4
2020-03-31;1969;9
2020-03-31;1970;4
2020-03-31;1978;9
2020-04-01;3;1
2020-04-01;10;4
2020-04-01;14;11
2020-04-01;34;50
2020-04-01;47;1
2020-04-01;50;4
2020-04-01;72;1
2020-04-01;74;7
2020-04-01;80;19
2020-04-01;85;1
2020-04-01;86;4
2020-04-01;90;5
2020-04-01;98;2
2020-04-01;106;7
2020-04-01;109;6
2020-04-01;114;6
2020-04-01;118;5
2020-04-01;119;4
2020-04-01;141;10
2020-04-01;147;10
2020-04-01;148;7
2020-04-01;150;22
2020-04-01;153;28
2020-04-01;158;6
2020-04-01;160;9
2020-04-01;163;4
2020-04-01;164;7
2020-04-01;166;38
2020-04-01;168;3
2020-04-01;171;6
2020-04-01;173;8
2020-04-01;175;4
2020-04-01;177;16
2020-04-01;180;1
2020-04-01;183;7
2020-04-01;184;11
2020-04-01;189;2
2020-04-01;193;28
2020-04-01;197;1
2020-04-01;200;22
2020-04-01;202;30
2020-04-01;203;8
2020-04-01;209;12
2020-04-01;213;4
2020-04-01;214;5
2020-04-01;216;15
2020-04-01;221;3
2020-04-01;222;5
2020-04-01;225;13
2020-04-01;226;4
2020-04-01;228;29
2020-04-01;230;4
2020-04-01;232;10
2020-04-01;233;9
2020-04-01;243;8
2020-04-01;244;5
2020-04-01;246;19
2020-04-01;252;8
2020-04-01;262;2
2020-04-01;263;11
2020-04-01;267;11
2020-04-01;268;79
2020-04-01;269;8
2020-04-01;273;1
2020-04-01;274;11
2020-04-01;275;22
2020-04-01;277;1
2020-04-01;281;21
2020-04-01;285;3
2020-04-01;289;6
2020-04-01;293;3
2020-04-01;294;1
2020-04-01;296;30
2020-04-01;297;9
2020-04-01;299;18
2020-04-01;301;8
2020-04-01;302;17
2020-04-01;303;10
2020-04-01;307;24
2020-04-01;308;2
2020-04-01;310;13
2020-04-01;312;4
2020-04-01;313;2
2020-04-01;317;1
2020-04-01;321;10
2020-04-01;327;5
2020-04-01;331;10
2020-04-01;335;9
2020-04-01;339;1
2020-04-01;340;3
2020-04-01;342;9
2020-04-01;344;80
2020-04-01;345;7
2020-04-01;351;2
2020-04-01;352;7
2020-04-01;353;18
2020-04-01;355;13
2020-04-01;356;17
2020-04-01;358;5
2020-04-01;361;21
2020-04-01;362;31
2020-04-01;363;246
2020-04-01;370;2
2020-04-01;373;10
2020-04-01;375;7
2020-04-01;376;2
2020-04-01;377;3
2020-04-01;383;8
2020-04-01;384;4
2020-04-01;385;10
2020-04-01;388;14
2020-04-01;392;31
2020-04-01;394;32
2020-04-01;396;17
2020-04-01;397;5
2020-04-01;398;19
2020-04-01;399;5
2020-04-01;400;6
2020-04-01;402;15
2020-04-01;405;16
2020-04-01;406;12
2020-04-01;415;3
2020-04-01;416;8
2020-04-01;417;6
2020-04-01;420;10
2020-04-01;431;3
2020-04-01;432;1
2020-04-01;437;3
2020-04-01;439;37
2020-04-01;441;10
2020-04-01;448;1
2020-04-01;450;3
2020-04-01;451;9
2020-04-01;453;15
2020-04-01;457;4
2020-04-01;473;4
2020-04-01;479;34
2020-04-01;482;2
2020-04-01;484;32
2020-04-01;489;17
2020-04-01;498;1
2020-04-01;501;5
2020-04-01;502;22
2020-04-01;503;22
2020-04-01;505;30
2020-04-01;512;10
2020-04-01;513;13
2020-04-01;518;96
2020-04-01;523;1
2020-04-01;530;6
2020-04-01;531;3
2020-04-01;532;11
2020-04-01;534;3
2020-04-01;537;9
2020-04-01;542;3
2020-04-01;546;18
2020-04-01;547;5
2020-04-01;553;3
2020-04-01;556;8
2020-04-01;569;5
2020-04-01;575;8
2020-04-01;579;3
2020-04-01;589;15
2020-04-01;590;1
2020-04-01;597;22
2020-04-01;599;132
2020-04-01;603;12
2020-04-01;606;21
2020-04-01;610;2
2020-04-01;613;5
2020-04-01;614;4
2020-04-01;622;15
2020-04-01;626;5
2020-04-01;627;6
2020-04-01;629;2
2020-04-01;632;25
2020-04-01;637;22
2020-04-01;638;2
2020-04-01;642;9
2020-04-01;654;3
2020-04-01;664;6
2020-04-01;668;9
2020-04-01;677;4
2020-04-01;678;1
2020-04-01;687;12
2020-04-01;703;4
2020-04-01;715;13
2020-04-01;716;23
2020-04-01;717;3
2020-04-01;718;6
2020-04-01;736;12
2020-04-01;737;1
2020-04-01;743;5
2020-04-01;744;1
2020-04-01;748;13
2020-04-01;753;19
2020-04-01;755;23
2020-04-01;756;10
2020-04-01;757;9
2020-04-01;758;118
2020-04-01;762;37
2020-04-01;765;4
2020-04-01;766;7
2020-04-01;770;13
2020-04-01;772;62
2020-04-01;777;23
2020-04-01;779;7
2020-04-01;784;13
2020-04-01;785;17
2020-04-01;786;10
2020-04-01;788;14
2020-04-01;794;38
2020-04-01;796;69
2020-04-01;797;25
2020-04-01;798;5
2020-04-01;809;15
2020-04-01;815;6
2020-04-01;820;9
2020-04-01;823;6
2020-04-01;824;10
2020-04-01;826;24
2020-04-01;828;78
2020-04-01;840;4
2020-04-01;845;14
2020-04-01;847;13
2020-04-01;848;18
2020-04-01;851;7
2020-04-01;852;8
2020-04-01;855;119
2020-04-01;856;73
2020-04-01;858;8
2020-04-01;861;8
2020-04-01;865;24
2020-04-01;866;1
2020-04-01;867;16
2020-04-01;873;4
2020-04-01;879;13
2020-04-01;880;9
2020-04-01;882;7
2020-04-01;889;10
2020-04-01;893;3
2020-04-01;899;9
2020-04-01;907;11
2020-04-01;917;26
2020-04-01;928;10
2020-04-01;935;26
2020-04-01;938;3
2020-04-01;944;3
2020-04-01;946;24
2020-04-01;957;30
2020-04-01;965;2
2020-04-01;971;11
2020-04-01;981;2
2020-04-01;983;66
2020-04-01;984;22
2020-04-01;986;2
2020-04-01;988;30
2020-04-01;994;2
2020-04-01;995;25
2020-04-01;1507;25
2020-04-01;1509;2
2020-04-01;1525;7
2020-04-01;1581;10
2020-04-01;1586;2
2020-04-01;1598;6
2020-04-01;1621;16
2020-04-01;1640;33
2020-04-01;1641;12
2020-04-01;1652;56
2020-04-01;1655;9
2020-04-01;1658;6
2020-04-01;1659;24
2020-04-01;1667;4
2020-04-01;1669;16
2020-04-01;1674;12
2020-04-01;1676;7
2020-04-01;1680;1
2020-04-01;1681;1
2020-04-01;1684;6
2020-04-01;1685;21
2020-04-01;1690;2
2020-04-01;1696;4
2020-04-01;1699;1
2020-04-01;1700;5
2020-04-01;1701;1
2020-04-01;1702;14
2020-04-01;1705;17
2020-04-01;1706;35
2020-04-01;1708;7
2020-04-01;1709;6
2020-04-01;1711;22
2020-04-01;1714;4
2020-04-01;1719;14
2020-04-01;1721;61
2020-04-01;1723;9
2020-04-01;1724;5
2020-04-01;1728;10
2020-04-01;1729;2
2020-04-01;1730;5
2020-04-01;1731;4
2020-04-01;1734;38
2020-04-01;1735;9
2020-04-01;1740;26
2020-04-01;1742;8
2020-04-01;1771;10
2020-04-01;1773;5
2020-04-01;1774;13
2020-04-01;1783;26
2020-04-01;1842;2
2020-04-01;1859;1
2020-04-01;1876;1
2020-04-01;1883;25
2020-04-01;1884;4
2020-04-01;1892;10
2020-04-01;1894;107
2020-04-01;1895;1
2020-04-01;1896;20
2020-04-01;1900;13
2020-04-01;1901;3
2020-04-01;1903;6
2020-04-01;1904;16
2020-04-01;1911;20
2020-04-01;1916;7
2020-04-01;1924;26
2020-04-01;1926;10
2020-04-01;1930;20
2020-04-01;1931;27
2020-04-01;1940;11
2020-04-01;1942;15
2020-04-01;1945;17
2020-04-01;1948;112
2020-04-01;1949;4
2020-04-01;1950;4
2020-04-01;1952;4
2020-04-01;1954;12
2020-04-01;1955;4
2020-04-01;1959;19
2020-04-01;1960;14
2020-04-01;1961;11
2020-04-01;1963;30
2020-04-01;1966;4
2020-04-01;1969;9
2020-04-01;1970;4
2020-04-01;1978;10
2020-04-02;3;1
2020-04-02;10;4
2020-04-02;14;12
2020-04-02;34;61
2020-04-02;47;1
2020-04-02;50;5
2020-04-02;72;1
2020-04-02;74;7
2020-04-02;80;21
2020-04-02;85;1
2020-04-02;86;4
2020-04-02;90;5
2020-04-02;98;2
2020-04-02;106;7
2020-04-02;109;6
2020-04-02;114;6
2020-04-02;118;5
2020-04-02;119;4
2020-04-02;141;12
2020-04-02;147;10
2020-04-02;148;9
2020-04-02;150;25
2020-04-02;153;28
2020-04-02;158;6
2020-04-02;160;10
2020-04-02;163;4
2020-04-02;164;8
2020-04-02;166;38
2020-04-02;168;3
2020-04-02;171;7
2020-04-02;173;10
2020-04-02;175;6
2020-04-02;177;18
2020-04-02;180;1
2020-04-02;183;8
2020-04-02;184;12
2020-04-02;189;2
2020-04-02;193;33
2020-04-02;197;1
2020-04-02;200;22
2020-04-02;202;33
2020-04-02;203;8
2020-04-02;209;14
2020-04-02;213;5
2020-04-02;214;5
2020-04-02;216;17
2020-04-02;221;3
2020-04-02;222;5
2020-04-02;225;13
2020-04-02;226;4
2020-04-02;228;31
2020-04-02;230;4
2020-04-02;232;10
2020-04-02;233;11
2020-04-02;243;8
2020-04-02;244;5
2020-04-02;246;19
2020-04-02;252;10
2020-04-02;262;3
2020-04-02;263;11
2020-04-02;267;14
2020-04-02;268;83
2020-04-02;269;8
2020-04-02;273;1
2020-04-02;274;11
2020-04-02;275;24
2020-04-02;277;1
2020-04-02;281;21
2020-04-02;285;6
2020-04-02;289;6
2020-04-02;293;3
2020-04-02;294;1
2020-04-02;296;31
2020-04-02;297;10
2020-04-02;299;20
2020-04-02;301;9
2020-04-02;302;19
2020-04-02;303;12
2020-04-02;307;28
2020-04-02;308;4
2020-04-02;310;13
2020-04-02;312;4
2020-04-02;313;2
2020-04-02;317;1
2020-04-02;321;12
2020-04-02;327;5
2020-04-02;331;10
2020-04-02;335;9
2020-04-02;339;1
2020-04-02;340;3
2020-04-02;342;10
2020-04-02;344;90
2020-04-02;345;7
2020-04-02;351;2
2020-04-02;352;7
2020-04-02;353;21
2020-04-02;355;15
2020-04-02;356;20
2020-04-02;358;6
2020-04-02;361;24
2020-04-02;362;31
2020-04-02;363;263
2020-04-02;370;2
2020-04-02;373;11
2020-04-02;375;7
2020-04-02;376;5
2020-04-02;377;3
2020-04-02;383;8
2020-04-02;384;4
2020-04-02;385;10
2020-04-02;388;14
2020-04-02;392;32
2020-04-02;394;34
2020-04-02;396;17
2020-04-02;397;5
2020-04-02;398;19
2020-04-02;399;5
2020-04-02;400;6
2020-04-02;402;16
2020-04-02;405;16
2020-04-02;406;12
2020-04-02;415;3
2020-04-02;416;8
2020-04-02;417;7
2020-04-02;420;10
2020-04-02;431;4
2020-04-02;432;1
2020-04-02;437;4
2020-04-02;439;38
2020-04-02;441;10
2020-04-02;448;2
2020-04-02;450;3
2020-04-02;451;9
2020-04-02;453;16
2020-04-02;457;5
2020-04-02;473;6
2020-04-02;479;35
2020-04-02;482;3
2020-04-02;484;33
2020-04-02;489;18
2020-04-02;498;1
2020-04-02;501;5
2020-04-02;502;23
2020-04-02;503;23
2020-04-02;505;32
2020-04-02;512;10
2020-04-02;513;15
2020-04-02;518;112
2020-04-02;523;1
2020-04-02;530;6
2020-04-02;531;3
2020-04-02;532;11
2020-04-02;534;4
2020-04-02;537;11
2020-04-02;542;4
2020-04-02;546;18
2020-04-02;547;5
2020-04-02;553;3
2020-04-02;556;9
2020-04-02;569;5
2020-04-02;575;8
2020-04-02;579;3
2020-04-02;589;16
2020-04-02;590;1
2020-04-02;597;23
2020-04-02;599;151
2020-04-02;603;13
2020-04-02;606;21
2020-04-02;610;2
2020-04-02;613;5
2020-04-02;614;4
2020-04-02;622;16
2020-04-02;626;5
2020-04-02;627;6
2020-04-02;629;2
2020-04-02;632;26
2020-04-02;637;23
2020-04-02;638;2
2020-04-02;642;9
2020-04-02;654;3
2020-04-02;664;7
2020-04-02;668;9
2020-04-02;677;4
2020-04-02;678;1
2020-04-02;687;12
2020-04-02;703;4
2020-04-02;715;14
2020-04-02;716;25
2020-04-02;717;3
2020-04-02;718;6
2020-04-02;736;16
2020-04-02;737;3
2020-04-02;743;6
2020-04-02;744;1
2020-04-02;748;13
2020-04-02;753;21
2020-04-02;755;26
2020-04-02;756;11
2020-04-02;757;9
2020-04-02;758;121
2020-04-02;762;39
2020-04-02;765;4
2020-04-02;766;10
2020-04-02;770;15
2020-04-02;772;69
2020-04-02;777;26
2020-04-02;779;8
2020-04-02;784;15
2020-04-02;785;19
2020-04-02;786;11
2020-04-02;788;14
2020-04-02;794;45
2020-04-02;796;72
2020-04-02;797;29
2020-04-02;798;5
2020-04-02;809;15
2020-04-02;815;6
2020-04-02;820;11
2020-04-02;823;6
2020-04-02;824;10
2020-04-02;826;25
2020-04-02;828;86
2020-04-02;840;4
2020-04-02;845;15
2020-04-02;847;14
2020-04-02;848;19
2020-04-02;851;7
2020-04-02;852;8
2020-04-02;855;124
2020-04-02;856;77
2020-04-02;858;8
2020-04-02;861;9
2020-04-02;865;25
2020-04-02;866;1
2020-04-02;867;15
2020-04-02;873;4
2020-04-02;879;14
2020-04-02;880;10
2020-04-02;882;22
2020-04-02;888;7
2020-04-02;889;11
2020-04-02;893;3
2020-04-02;899;21
2020-04-02;907;11
2020-04-02;917;66
2020-04-02;928;30
2020-04-02;935;77
2020-04-02;938;7
2020-04-02;944;3
2020-04-02;946;24
2020-04-02;957;30
2020-04-02;965;8
2020-04-02;971;24
2020-04-02;981;6
2020-04-02;983;72
2020-04-02;984;23
2020-04-02;986;7
2020-04-02;988;31
2020-04-02;994;3
2020-04-02;995;27
2020-04-02;1507;29
2020-04-02;1509;3
2020-04-02;1525;7
2020-04-02;1581;11
2020-04-02;1586;2
2020-04-02;1598;6
2020-04-02;1621;18
2020-04-02;1640;35
2020-04-02;1641;13
2020-04-02;1652;57
2020-04-02;1655;9
2020-04-02;1658;6
2020-04-02;1659;24
2020-04-02;1667;5
2020-04-02;1669;17
2020-04-02;1674;12
2020-04-02;1676;7
2020-04-02;1680;1
2020-04-02;1681;1
2020-04-02;1684;6
2020-04-02;1685;22
2020-04-02;1690;2
2020-04-02;1696;5
2020-04-02;1699;1
2020-04-02;1700;6
2020-04-02;1701;2
2020-04-02;1702;14
2020-04-02;1705;18
2020-04-02;1706;38
2020-04-02;1708;7
2020-04-02;1709;6
2020-04-02;1711;22
2020-04-02;1714;4
2020-04-02;1719;14
2020-04-02;1721;65
2020-04-02;1723;10
2020-04-02;1724;5
2020-04-02;1728;11
2020-04-02;1729;10
2020-04-02;1730;5
2020-04-02;1731;4
2020-04-02;1734;39
2020-04-02;1735;10
2020-04-02;1740;26
2020-04-02;1742;13
2020-04-02;1771;13
2020-04-02;1773;6
2020-04-02;1774;15
2020-04-02;1783;28
2020-04-02;1842;3
2020-04-02;1859;1
2020-04-02;1876;1
2020-04-02;1883;55
2020-04-02;1884;4
2020-04-02;1891;1
2020-04-02;1892;10
2020-04-02;1894;109
2020-04-02;1895;1
2020-04-02;1896;21
2020-04-02;1900;13
2020-04-02;1901;3
2020-04-02;1903;24
2020-04-02;1904;18
2020-04-02;1911;21
2020-04-02;1916;8
2020-04-02;1924;29
2020-04-02;1926;10
2020-04-02;1930;22
2020-04-02;1931;28
2020-04-02;1940;11
2020-04-02;1942;15
2020-04-02;1945;19
2020-04-02;1948;124
2020-04-02;1949;4
2020-04-02;1950;4
2020-04-02;1952;4
2020-04-02;1954;28
2020-04-02;1955;4
2020-04-02;1959;19
2020-04-02;1960;15
2020-04-02;1961;12
2020-04-02;1963;35
2020-04-02;1966;4
2020-04-02;1969;10
2020-04-02;1970;4
2020-04-02;1978;10
2020-04-03;3;1
2020-04-03;10;4
2020-04-03;14;12
2020-04-03;34;67
2020-04-03;47;1
2020-04-03;50;5
2020-04-03;72;2
2020-04-03;74;9
2020-04-03;80;24
2020-04-03;85;1
2020-04-03;86;5
2020-04-03;90;5
2020-04-03;98;2
2020-04-03;106;7
2020-04-03;109;6
2020-04-03;114;6
2020-04-03;118;7
2020-04-03;119;4
2020-04-03;141;13
2020-04-03;147;12
2020-04-03;148;9
2020-04-03;150;25
2020-04-03;153;32
2020-04-03;158;6
2020-04-03;160;10
2020-04-03;163;5
2020-04-03;164;9
2020-04-03;166;38
2020-04-03;168;4
2020-04-03;171;8
2020-04-03;173;10
2020-04-03;175;6
2020-04-03;177;18
2020-04-03;180;3
2020-04-03;183;8
2020-04-03;184;13
2020-04-03;189;2
2020-04-03;193;33
2020-04-03;197;1
2020-04-03;200;24
2020-04-03;202;37
2020-04-03;203;8
2020-04-03;209;15
2020-04-03;213;6
2020-04-03;214;6
2020-04-03;216;17
2020-04-03;221;3
2020-04-03;222;6
2020-04-03;225;16
2020-04-03;226;4
2020-04-03;228;31
2020-04-03;230;4
2020-04-03;232;10
2020-04-03;233;11
2020-04-03;243;8
2020-04-03;244;5
2020-04-03;246;19
2020-04-03;252;11
2020-04-03;262;5
2020-04-03;263;11
2020-04-03;267;16
2020-04-03;268;87
2020-04-03;269;8
2020-04-03;273;1
2020-04-03;274;11
2020-04-03;275;26
2020-04-03;277;1
2020-04-03;281;24
2020-04-03;285;6
2020-04-03;289;8
2020-04-03;293;4
2020-04-03;294;1
2020-04-03;296;32
2020-04-03;297;10
2020-04-03;299;24
2020-04-03;301;10
2020-04-03;302;19
2020-04-03;303;12
2020-04-03;307;31
2020-04-03;308;7
2020-04-03;310;15
2020-04-03;312;5
2020-04-03;313;2
2020-04-03;317;1
2020-04-03;321;13
2020-04-03;327;5
2020-04-03;331;12
2020-04-03;335;11
2020-04-03;339;1
2020-04-03;340;3
2020-04-03;342;13
2020-04-03;344;103
2020-04-03;345;9
2020-04-03;351;3
2020-04-03;352;7
2020-04-03;353;23
2020-04-03;355;18
2020-04-03;356;21
2020-04-03;358;7
2020-04-03;361;28
2020-04-03;362;33
2020-04-03;363;286
2020-04-03;370;2
2020-04-03;373;11
2020-04-03;375;8
2020-04-03;376;5
2020-04-03;377;4
2020-04-03;383;11
2020-04-03;384;4
2020-04-03;385;11
2020-04-03;388;14
2020-04-03;392;34
2020-04-03;394;38
2020-04-03;396;18
2020-04-03;397;6
2020-04-03;398;21
2020-04-03;399;7
2020-04-03;400;6
2020-04-03;402;17
2020-04-03;405;18
2020-04-03;406;12
2020-04-03;415;3
2020-04-03;416;10
2020-04-03;417;7
2020-04-03;420;10
2020-04-03;431;4
2020-04-03;432;1
2020-04-03;437;4
2020-04-03;439;44
2020-04-03;441;11
2020-04-03;448;2
2020-04-03;450;3
2020-04-03;451;9
2020-04-03;453;16
2020-04-03;457;5
2020-04-03;473;7
2020-04-03;479;48
2020-04-03;482;4
2020-04-03;484;36
2020-04-03;489;20
2020-04-03;498;1
2020-04-03;501;5
2020-04-03;502;23
2020-04-03;503;23
2020-04-03;505;40
2020-04-03;512;10
2020-04-03;513;18
2020-04-03;518;115
2020-04-03;523;1
2020-04-03;530;7
2020-04-03;531;3
2020-04-03;532;13
2020-04-03;534;5
2020-04-03;537;12
2020-04-03;542;4
2020-04-03;546;19
2020-04-03;547;6
2020-04-03;553;3
2020-04-03;556;10
2020-04-03;569;5
2020-04-03;575;9
2020-04-03;579;5
2020-04-03;589;16
2020-04-03;590;1
2020-04-03;597;23
2020-04-03;599;159
2020-04-03;603;14
2020-04-03;606;23
2020-04-03;610;2
2020-04-03;613;5
2020-04-03;614;5
2020-04-03;622;17
2020-04-03;626;6
2020-04-03;627;7
2020-04-03;629;2
2020-04-03;632;27
2020-04-03;637;24
2020-04-03;638;2
2020-04-03;642;11
2020-04-03;654;3
2020-04-03;664;8
2020-04-03;668;9
2020-04-03;677;4
2020-04-03;678;1
2020-04-03;687;13
2020-04-03;703;4
2020-04-03;715;15
2020-04-03;716;26
2020-04-03;717;3
2020-04-03;718;6
2020-04-03;736;17
2020-04-03;737;3
2020-04-03;743;7
2020-04-03;744;1
2020-04-03;748;14
2020-04-03;753;24
2020-04-03;755;27
2020-04-03;756;12
2020-04-03;757;11
2020-04-03;758;125
2020-04-03;762;43
2020-04-03;765;4
2020-04-03;766;10
2020-04-03;770;16
2020-04-03;772;79
2020-04-03;777;29
2020-04-03;779;9
2020-04-03;784;15
2020-04-03;785;20
2020-04-03;786;13
2020-04-03;788;14
2020-04-03;794;52
2020-04-03;796;80
2020-04-03;797;31
2020-04-03;798;6
2020-04-03;809;17
2020-04-03;815;6
2020-04-03;820;12
2020-04-03;823;9
2020-04-03;824;10
2020-04-03;826;25
2020-04-03;828;93
2020-04-03;840;5
2020-04-03;845;15
2020-04-03;847;19
2020-04-03;848;20
2020-04-03;851;8
2020-04-03;852;8
2020-04-03;855;135
2020-04-03;856;80
2020-04-03;858;10
2020-04-03;861;14
2020-04-03;865;27
2020-04-03;866;3
2020-04-03;867;15
2020-04-03;873;4
2020-04-03;879;14
2020-04-03;880;11
2020-04-03;882;27
2020-04-03;888;10
2020-04-03;889;11
2020-04-03;893;3
2020-04-03;899;23
2020-04-03;907;11
2020-04-03;917;72
2020-04-03;928;33
2020-04-03;935;87
2020-04-03;938;8
2020-04-03;944;3
2020-04-03;946;24
2020-04-03;957;33
2020-04-03;965;13
2020-04-03;971;25
2020-04-03;981;6
2020-04-03;983;80
2020-04-03;984;23
2020-04-03;986;8
2020-04-03;988;33
2020-04-03;994;8
2020-04-03;995;30
2020-04-03;1507;33
2020-04-03;1509;4
2020-04-03;1525;8
2020-04-03;1581;13
2020-04-03;1586;2
2020-04-03;1598;6
2020-04-03;1621;20
2020-04-03;1640;38
2020-04-03;1641;15
2020-04-03;1652;59
2020-04-03;1655;9
2020-04-03;1658;7
2020-04-03;1659;25
2020-04-03;1667;6
2020-04-03;1669;18
2020-04-03;1674;15
2020-04-03;1676;7
2020-04-03;1680;1
2020-04-03;1681;2
2020-04-03;1684;6
2020-04-03;1685;23
2020-04-03;1690;2
2020-04-03;1696;5
2020-04-03;1699;1
2020-04-03;1700;6
2020-04-03;1701;3
2020-04-03;1702;15
2020-04-03;1705;18
2020-04-03;1706;41
2020-04-03;1708;8
2020-04-03;1709;7
2020-04-03;1711;23
2020-04-03;1714;4
2020-04-03;1719;14
2020-04-03;1721;68
2020-04-03;1723;10
2020-04-03;1724;7
2020-04-03;1728;11
2020-04-03;1729;10
2020-04-03;1730;6
2020-04-03;1731;4
2020-04-03;1734;42
2020-04-03;1735;10
2020-04-03;1740;26
2020-04-03;1742;13
2020-04-03;1771;18
2020-04-03;1773;6
2020-04-03;1774;15
2020-04-03;1783;29
2020-04-03;1842;3
2020-04-03;1859;1
2020-04-03;1876;1
2020-04-03;1883;63
2020-04-03;1884;5
2020-04-03;1891;1
2020-04-03;1892;12
2020-04-03;1894;117
2020-04-03;1895;1
2020-04-03;1896;21
2020-04-03;1900;13
2020-04-03;1901;4
2020-04-03;1903;25
2020-04-03;1904;20
2020-04-03;1911;22
2020-04-03;1916;9
2020-04-03;1924;32
2020-04-03;1926;10
2020-04-03;1930;23
2020-04-03;1931;28
2020-04-03;1940;11
2020-04-03;1942;15
2020-04-03;1945;21
2020-04-03;1948;134
2020-04-03;1949;4
2020-04-03;1950;4
2020-04-03;1952;4
2020-04-03;1954;28
2020-04-03;1955;4
2020-04-03;1959;21
2020-04-03;1960;17
2020-04-03;1961;15
2020-04-03;1963;42
2020-04-03;1966;5
2020-04-03;1969;10
2020-04-03;1970;4
2020-04-03;1978;13
2020-04-04;3;2
2020-04-04;10;4
2020-04-04;14;13
2020-04-04;34;72
2020-04-04;47;1
2020-04-04;50;5
2020-04-04;72;2
2020-04-04;74;9
2020-04-04;80;25
2020-04-04;85;1
2020-04-04;86;5
2020-04-04;90;5
2020-04-04;98;2
2020-04-04;106;7
2020-04-04;109;7
2020-04-04;114;9
2020-04-04;118;7
2020-04-04;119;4
2020-04-04;141;13
2020-04-04;147;13
2020-04-04;148;10
2020-04-04;150;26
2020-04-04;153;34
2020-04-04;158;9
2020-04-04;160;10
2020-04-04;163;6
2020-04-04;164;10
2020-04-04;166;39
2020-04-04;168;6
2020-04-04;171;8
2020-04-04;173;10
2020-04-04;175;6
2020-04-04;177;18
2020-04-04;180;4
2020-04-04;183;9
2020-04-04;184;14
2020-04-04;189;2
2020-04-04;193;35
2020-04-04;197;1
2020-04-04;200;26
2020-04-04;202;39
2020-04-04;203;9
2020-04-04;209;15
2020-04-04;213;6
2020-04-04;214;6
2020-04-04;216;18
2020-04-04;221;3
2020-04-04;222;6
2020-04-04;225;16
2020-04-04;226;5
2020-04-04;228;34
2020-04-04;230;4
2020-04-04;232;11
2020-04-04;233;12
2020-04-04;243;8
2020-04-04;244;6
2020-04-04;246;20
2020-04-04;252;12
2020-04-04;262;5
2020-04-04;263;11
2020-04-04;267;17
2020-04-04;268;88
2020-04-04;269;9
2020-04-04;273;1
2020-04-04;274;11
2020-04-04;275;28
2020-04-04;277;1
2020-04-04;281;24
2020-04-04;285;7
2020-04-04;289;8
2020-04-04;293;4
2020-04-04;294;1
2020-04-04;296;33
2020-04-04;297;10
2020-04-04;299;24
2020-04-04;301;10
2020-04-04;302;19
2020-04-04;303;15
2020-04-04;307;34
2020-04-04;308;7
2020-04-04;310;16
2020-04-04;312;5
2020-04-04;313;2
2020-04-04;317;1
2020-04-04;321;13
2020-04-04;327;5
2020-04-04;331;12
2020-04-04;335;11
2020-04-04;339;3
2020-04-04;340;3
2020-04-04;342;14
2020-04-04;344;111
2020-04-04;345;9
2020-04-04;351;5
2020-04-04;352;7
2020-04-04;353;23
2020-04-04;355;20
2020-04-04;356;21
2020-04-04;358;7
2020-04-04;361;33
2020-04-04;362;37
2020-04-04;363;306
2020-04-04;370;4
2020-04-04;373;11
2020-04-04;375;9
2020-04-04;376;5
2020-04-04;377;4
2020-04-04;383;12
2020-04-04;384;4
2020-04-04;385;14
2020-04-04;388;14
2020-04-04;392;34
2020-04-04;394;39
2020-04-04;396;18
2020-04-04;397;8
2020-04-04;398;22
2020-04-04;399;7
2020-04-04;400;7
2020-04-04;402;17
2020-04-04;405;18
2020-04-04;406;13
2020-04-04;415;3
2020-04-04;416;11
2020-04-04;417;7
2020-04-04;420;10
2020-04-04;431;5
2020-04-04;432;1
2020-04-04;437;4
2020-04-04;439;47
2020-04-04;441;12
2020-04-04;448;2
2020-04-04;450;3
2020-04-04;451;9
2020-04-04;453;17
2020-04-04;457;5
2020-04-04;473;7
2020-04-04;479;70
2020-04-04;482;5
2020-04-04;484;37
2020-04-04;489;21
2020-04-04;498;1
2020-04-04;501;7
2020-04-04;502;23
2020-04-04;503;25
2020-04-04;505;45
2020-04-04;512;10
2020-04-04;513;21
2020-04-04;518;121
2020-04-04;523;1
2020-04-04;530;7
2020-04-04;531;3
2020-04-04;532;13
2020-04-04;534;5
2020-04-04;537;12
2020-04-04;542;4
2020-04-04;546;19
2020-04-04;547;6
2020-04-04;553;4
2020-04-04;556;10
2020-04-04;569;6
2020-04-04;575;9
2020-04-04;579;5
2020-04-04;589;16
2020-04-04;590;3
2020-04-04;597;24
2020-04-04;599;172
2020-04-04;603;14
2020-04-04;606;23
2020-04-04;610;3
2020-04-04;613;5
2020-04-04;614;5
2020-04-04;622;18
2020-04-04;626;7
2020-04-04;627;7
2020-04-04;629;2
2020-04-04;632;28
2020-04-04;637;25
2020-04-04;638;2
2020-04-04;642;11
2020-04-04;654;3
2020-04-04;664;8
2020-04-04;668;9
2020-04-04;677;4
2020-04-04;678;1
2020-04-04;687;13
2020-04-04;703;4
2020-04-04;715;15
2020-04-04;716;30
2020-04-04;717;3
2020-04-04;718;6
2020-04-04;736;17
2020-04-04;737;3
2020-04-04;743;8
2020-04-04;744;1
2020-04-04;748;14
2020-04-04;753;24
2020-04-04;755;27
2020-04-04;756;13
2020-04-04;757;11
2020-04-04;758;126
2020-04-04;762;44
2020-04-04;765;4
2020-04-04;766;11
2020-04-04;770;18
2020-04-04;772;87
2020-04-04;777;31
2020-04-04;779;9
2020-04-04;784;15
2020-04-04;785;20
2020-04-04;786;14
2020-04-04;788;14
2020-04-04;794;54
2020-04-04;796;81
2020-04-04;797;31
2020-04-04;798;6
2020-04-04;809;17
2020-04-04;815;7
2020-04-04;820;12
2020-04-04;823;9
2020-04-04;824;10
2020-04-04;826;25
2020-04-04;828;96
2020-04-04;840;5
2020-04-04;845;15
2020-04-04;847;20
2020-04-04;848;22
2020-04-04;851;8
2020-04-04;852;9
2020-04-04;855;139
2020-04-04;856;81
2020-04-04;858;10
2020-04-04;861;15
2020-04-04;865;27
2020-04-04;866;3
2020-04-04;867;17
2020-04-04;873;4
2020-04-04;879;14
2020-04-04;880;12
2020-04-04;882;27
2020-04-04;888;10
2020-04-04;889;11
2020-04-04;893;3
2020-04-04;899;24
2020-04-04;907;11
2020-04-04;917;74
2020-04-04;928;34
2020-04-04;935;93
2020-04-04;938;9
2020-04-04;944;3
2020-04-04;946;24
2020-04-04;957;36
2020-04-04;965;14
2020-04-04;971;26
2020-04-04;981;6
2020-04-04;983;83
2020-04-04;984;25
2020-04-04;986;9
2020-04-04;988;34
2020-04-04;994;8
2020-04-04;995;31
2020-04-04;1507;34
2020-04-04;1509;4
2020-04-04;1525;10
2020-04-04;1581;15
2020-04-04;1586;3
2020-04-04;1598;6
2020-04-04;1621;20
2020-04-04;1640;41
2020-04-04;1641;16
2020-04-04;1652;61
2020-04-04;1655;9
2020-04-04;1658;7
2020-04-04;1659;27
2020-04-04;1667;7
2020-04-04;1669;18
2020-04-04;1674;15
2020-04-04;1676;8
2020-04-04;1680;1
2020-04-04;1681;2
2020-04-04;1684;6
2020-04-04;1685;23
2020-04-04;1690;2
2020-04-04;1696;5
2020-04-04;1699;1
2020-04-04;1700;7
2020-04-04;1701;3
2020-04-04;1702;15
2020-04-04;1705;19
2020-04-04;1706;44
2020-04-04;1708;8
2020-04-04;1709;7
2020-04-04;1711;23
2020-04-04;1714;4
2020-04-04;1719;14
2020-04-04;1721;69
2020-04-04;1723;11
2020-04-04;1724;9
2020-04-04;1728;12
2020-04-04;1729;10
2020-04-04;1730;7
2020-04-04;1731;6
2020-04-04;1734;43
2020-04-04;1735;10
2020-04-04;1740;27
2020-04-04;1742;15
2020-04-04;1771;18
2020-04-04;1773;6
2020-04-04;1774;16
2020-04-04;1783;32
2020-04-04;1842;3
2020-04-04;1859;1
2020-04-04;1876;1
2020-04-04;1883;65
2020-04-04;1884;5
2020-04-04;1891;2
2020-04-04;1892;12
2020-04-04;1894;117
2020-04-04;1895;1
2020-04-04;1896;22
2020-04-04;1900;13
2020-04-04;1901;5
2020-04-04;1903;29
2020-04-04;1904;20
2020-04-04;1911;23
2020-04-04;1916;11
2020-04-04;1924;33
2020-04-04;1926;11
2020-04-04;1930;23
2020-04-04;1931;29
2020-04-04;1940;12
2020-04-04;1942;16
2020-04-04;1945;23
2020-04-04;1948;142
2020-04-04;1949;5
2020-04-04;1950;4
2020-04-04;1952;4
2020-04-04;1954;29
2020-04-04;1955;4
2020-04-04;1959;21
2020-04-04;1960;18
2020-04-04;1961;16
2020-04-04;1963;49
2020-04-04;1966;5
2020-04-04;1969;10
2020-04-04;1970;4
2020-04-04;1978;14
2020-04-05;3;2
2020-04-05;10;5
2020-04-05;14;13
2020-04-05;34;77
2020-04-05;47;1
2020-04-05;50;6
2020-04-05;72;2
2020-04-05;74;10
2020-04-05;80;26
2020-04-05;85;1
2020-04-05;86;5
2020-04-05;90;6
2020-04-05;98;2
2020-04-05;106;7
2020-04-05;109;7
2020-04-05;114;9
2020-04-05;118;7
2020-04-05;119;4
2020-04-05;141;14
2020-04-05;147;13
2020-04-05;148;10
2020-04-05;150;26
2020-04-05;153;37
2020-04-05;158;10
2020-04-05;160;10
2020-04-05;163;6
2020-04-05;164;11
2020-04-05;166;39
2020-04-05;168;6
2020-04-05;171;8
2020-04-05;173;11
2020-04-05;175;6
2020-04-05;177;18
2020-04-05;180;4
2020-04-05;183;9
2020-04-05;184;14
2020-04-05;189;2
2020-04-05;193;35
2020-04-05;197;1
2020-04-05;200;28
2020-04-05;202;40
2020-04-05;203;9
2020-04-05;209;15
2020-04-05;213;6
2020-04-05;214;7
2020-04-05;216;19
2020-04-05;221;4
2020-04-05;222;6
2020-04-05;225;16
2020-04-05;226;5
2020-04-05;228;37
2020-04-05;230;5
2020-04-05;232;11
2020-04-05;233;12
2020-04-05;243;8
2020-04-05;244;6
2020-04-05;246;20
2020-04-05;252;12
2020-04-05;262;5
2020-04-05;263;12
2020-04-05;267;18
2020-04-05;268;89
2020-04-05;269;10
2020-04-05;273;1
2020-04-05;274;11
2020-04-05;275;28
2020-04-05;277;1
2020-04-05;281;26
2020-04-05;285;7
2020-04-05;289;8
2020-04-05;293;4
2020-04-05;294;1
2020-04-05;296;33
2020-04-05;297;13
2020-04-05;299;26
2020-04-05;301;10
2020-04-05;302;20
2020-04-05;303;15
2020-04-05;307;36
2020-04-05;308;7
2020-04-05;310;17
2020-04-05;312;6
2020-04-05;313;3
2020-04-05;317;1
2020-04-05;321;15
2020-04-05;327;5
2020-04-05;331;12
2020-04-05;335;11
2020-04-05;339;3
2020-04-05;340;3
2020-04-05;342;14
2020-04-05;344;120
2020-04-05;345;12
2020-04-05;351;6
2020-04-05;352;8
2020-04-05;353;25
2020-04-05;355;23
2020-04-05;356;22
2020-04-05;358;7
2020-04-05;361;34
2020-04-05;362;37
2020-04-05;363;323
2020-04-05;370;4
2020-04-05;373;11
2020-04-05;375;10
2020-04-05;376;5
2020-04-05;377;4
2020-04-05;383;12
2020-04-05;384;4
2020-04-05;385;14
2020-04-05;388;14
2020-04-05;392;35
2020-04-05;394;41
2020-04-05;396;18
2020-04-05;397;8
2020-04-05;398;22
2020-04-05;399;7
2020-04-05;400;8
2020-04-05;402;17
2020-04-05;405;18
2020-04-05;406;13
2020-04-05;415;3
2020-04-05;416;12
2020-04-05;417;7
2020-04-05;420;10
2020-04-05;431;5
2020-04-05;432;1
2020-04-05;437;4
2020-04-05;439;47
2020-04-05;441;13
2020-04-05;448;3
2020-04-05;450;3
2020-04-05;451;9
2020-04-05;453;18
2020-04-05;457;5
2020-04-05;473;7
2020-04-05;479;71
2020-04-05;482;5
2020-04-05;484;38
2020-04-05;489;21
2020-04-05;498;1
2020-04-05;501;7
2020-04-05;502;23
2020-04-05;503;27
2020-04-05;505;46
2020-04-05;512;11
2020-04-05;513;22
2020-04-05;518;130
2020-04-05;523;1
2020-04-05;530;8
2020-04-05;531;3
2020-04-05;532;13
2020-04-05;534;5
2020-04-05;537;12
2020-04-05;542;4
2020-04-05;546;19
2020-04-05;547;6
2020-04-05;553;4
2020-04-05;556;10
2020-04-05;569;6
2020-04-05;575;9
2020-04-05;579;5
2020-04-05;589;18
2020-04-05;590;3
2020-04-05;597;26
2020-04-05;599;181
2020-04-05;603;14
2020-04-05;606;24
2020-04-05;610;4
2020-04-05;613;5
2020-04-05;614;5
2020-04-05;622;20
2020-04-05;626;7
2020-04-05;627;8
2020-04-05;629;2
2020-04-05;632;31
2020-04-05;637;28
2020-04-05;638;2
2020-04-05;642;11
2020-04-05;654;3
2020-04-05;664;8
2020-04-05;668;11
2020-04-05;677;4
2020-04-05;678;1
2020-04-05;687;13
2020-04-05;703;4
2020-04-05;715;15
2020-04-05;716;30
2020-04-05;717;3
2020-04-05;718;6
2020-04-05;736;18
2020-04-05;737;3
2020-04-05;743;8
2020-04-05;744;1
2020-04-05;748;14
2020-04-05;753;24
2020-04-05;755;27
2020-04-05;756;14
2020-04-05;757;11
2020-04-05;758;126
2020-04-05;762;44
2020-04-05;765;4
2020-04-05;766;11
2020-04-05;770;18
2020-04-05;772;87
2020-04-05;777;31
2020-04-05;779;9
2020-04-05;784;15
2020-04-05;785;21
2020-04-05;786;14
2020-04-05;788;14
2020-04-05;794;54
2020-04-05;796;84
2020-04-05;797;32
2020-04-05;798;6
2020-04-05;809;19
2020-04-05;815;7
2020-04-05;820;12
2020-04-05;823;9
2020-04-05;824;10
2020-04-05;826;25
2020-04-05;828;100
2020-04-05;840;6
2020-04-05;845;17
2020-04-05;847;20
2020-04-05;848;22
2020-04-05;851;8
2020-04-05;852;9
2020-04-05;855;144
2020-04-05;856;82
2020-04-05;858;10
2020-04-05;861;15
2020-04-05;865;27
2020-04-05;866;3
2020-04-05;867;17
2020-04-05;873;4
2020-04-05;879;14
2020-04-05;880;12
2020-04-05;882;29
2020-04-05;888;10
2020-04-05;889;11
2020-04-05;893;4
2020-04-05;899;25
2020-04-05;907;12
2020-04-05;917;80
2020-04-05;928;36
2020-04-05;935;99
2020-04-05;938;10
2020-04-05;944;3
2020-04-05;946;25
2020-04-05;957;37
2020-04-05;965;14
2020-04-05;971;28
2020-04-05;981;7
2020-04-05;983;85
2020-04-05;984;29
2020-04-05;986;9
2020-04-05;988;37
2020-04-05;994;10
2020-04-05;995;32
2020-04-05;1507;34
2020-04-05;1509;4
2020-04-05;1525;11
2020-04-05;1581;16
2020-04-05;1586;4
2020-04-05;1598;6
2020-04-05;1621;22
2020-04-05;1640;46
2020-04-05;1641;17
2020-04-05;1652;61
2020-04-05;1655;9
2020-04-05;1658;7
2020-04-05;1659;27
2020-04-05;1667;7
2020-04-05;1669;19
2020-04-05;1674;15
2020-04-05;1676;8
2020-04-05;1680;1
2020-04-05;1681;2
2020-04-05;1684;7
2020-04-05;1685;25
2020-04-05;1690;2
2020-04-05;1696;5
2020-04-05;1699;1
2020-04-05;1700;8
2020-04-05;1701;3
2020-04-05;1702;15
2020-04-05;1705;21
2020-04-05;1706;44
2020-04-05;1708;8
2020-04-05;1709;7
2020-04-05;1711;25
2020-04-05;1714;4
2020-04-05;1719;14
2020-04-05;1721;70
2020-04-05;1723;11
2020-04-05;1724;9
2020-04-05;1728;12
2020-04-05;1729;10
2020-04-05;1730;7
2020-04-05;1731;6
2020-04-05;1734;43
2020-04-05;1735;12
2020-04-05;1740;28
2020-04-05;1742;16
2020-04-05;1771;18
2020-04-05;1773;6
2020-04-05;1774;16
2020-04-05;1783;33
2020-04-05;1842;3
2020-04-05;1859;1
2020-04-05;1876;1
2020-04-05;1883;68
2020-04-05;1884;5
2020-04-05;1891;2
2020-04-05;1892;12
2020-04-05;1894;118
2020-04-05;1895;1
2020-04-05;1896;22
2020-04-05;1900;13
2020-04-05;1901;5
2020-04-05;1903;32
2020-04-05;1904;22
2020-04-05;1911;23
2020-04-05;1916;12
2020-04-05;1924;35
2020-04-05;1926;13
2020-04-05;1930;24
2020-04-05;1931;32
2020-04-05;1940;12
2020-04-05;1942;16
2020-04-05;1945;25
2020-04-05;1948;144
2020-04-05;1949;6
2020-04-05;1950;5
2020-04-05;1952;4
2020-04-05;1954;32
2020-04-05;1955;5
2020-04-05;1959;21
2020-04-05;1960;21
2020-04-05;1961;16
2020-04-05;1963;49
2020-04-05;1966;5
2020-04-05;1969;11
2020-04-05;1970;4
2020-04-05;1978;14
2020-04-06;3;2
2020-04-06;10;5
2020-04-06;14;13
2020-04-06;34;77
2020-04-06;47;1
2020-04-06;50;6
2020-04-06;72;2
2020-04-06;74;10
2020-04-06;80;29
2020-04-06;85;1
2020-04-06;86;5
2020-04-06;90;6
2020-04-06;98;2
2020-04-06;106;7
2020-04-06;109;9
2020-04-06;114;9
2020-04-06;118;9
2020-04-06;119;4
2020-04-06;141;15
2020-04-06;147;13
2020-04-06;148;12
2020-04-06;150;28
2020-04-06;153;39
2020-04-06;158;10
2020-04-06;160;10
2020-04-06;163;6
2020-04-06;164;11
2020-04-06;166;40
2020-04-06;168;6
2020-04-06;171;8
2020-04-06;173;11
2020-04-06;175;6
2020-04-06;177;19
2020-04-06;180;4
2020-04-06;183;9
2020-04-06;184;16
2020-04-06;189;2
2020-04-06;193;38
2020-04-06;197;1
2020-04-06;200;28
2020-04-06;202;44
2020-04-06;203;9
2020-04-06;209;15
2020-04-06;213;6
2020-04-06;214;7
2020-04-06;216;20
2020-04-06;221;4
2020-04-06;222;6
2020-04-06;225;16
2020-04-06;226;6
2020-04-06;228;41
2020-04-06;230;6
2020-04-06;232;11
2020-04-06;233;12
2020-04-06;243;8
2020-04-06;244;7
2020-04-06;246;22
2020-04-06;252;13
2020-04-06;262;5
2020-04-06;263;12
2020-04-06;267;17
2020-04-06;268;94
2020-04-06;269;11
2020-04-06;273;1
2020-04-06;274;11
2020-04-06;275;28
2020-04-06;277;1
2020-04-06;279;2
2020-04-06;281;28
2020-04-06;285;7
2020-04-06;289;9
2020-04-06;293;5
2020-04-06;294;1
2020-04-06;296;33
2020-04-06;297;13
2020-04-06;299;27
2020-04-06;301;11
2020-04-06;302;20
2020-04-06;303;15
2020-04-06;307;36
2020-04-06;308;7
2020-04-06;310;18
2020-04-06;312;6
2020-04-06;313;3
2020-04-06;317;1
2020-04-06;321;16
2020-04-06;327;6
2020-04-06;331;15
2020-04-06;335;11
2020-04-06;339;3
2020-04-06;340;3
2020-04-06;342;14
2020-04-06;344;131
2020-04-06;345;14
2020-04-06;351;6
2020-04-06;352;8
2020-04-06;353;26
2020-04-06;355;25
2020-04-06;356;24
2020-04-06;358;8
2020-04-06;361;35
2020-04-06;362;38
2020-04-06;363;330
2020-04-06;370;4
2020-04-06;373;15
2020-04-06;375;10
2020-04-06;376;5
2020-04-06;377;5
2020-04-06;383;12
2020-04-06;384;4
2020-04-06;385;14
2020-04-06;388;14
2020-04-06;392;36
2020-04-06;394;41
2020-04-06;396;19
2020-04-06;397;8
2020-04-06;398;22
2020-04-06;399;7
2020-04-06;400;8
2020-04-06;402;17
2020-04-06;405;21
2020-04-06;406;13
2020-04-06;415;3
2020-04-06;416;13
2020-04-06;417;7
2020-04-06;420;10
2020-04-06;431;5
2020-04-06;432;1
2020-04-06;437;4
2020-04-06;439;47
2020-04-06;441;14
2020-04-06;448;3
2020-04-06;450;3
2020-04-06;451;10
2020-04-06;453;18
2020-04-06;457;5
2020-04-06;473;7
2020-04-06;479;71
2020-04-06;482;5
2020-04-06;484;40
2020-04-06;489;21
2020-04-06;498;1
2020-04-06;501;7
2020-04-06;502;23
2020-04-06;503;27
2020-04-06;505;49
2020-04-06;512;11
2020-04-06;513;23
2020-04-06;518;139
2020-04-06;523;1
2020-04-06;530;8
2020-04-06;531;3
2020-04-06;532;15
2020-04-06;534;5
2020-04-06;537;12
2020-04-06;542;5
2020-04-06;546;24
2020-04-06;547;6
2020-04-06;553;4
2020-04-06;556;11
2020-04-06;569;7
2020-04-06;575;11
2020-04-06;579;5
2020-04-06;589;20
2020-04-06;590;3
2020-04-06;597;27
2020-04-06;599;198
2020-04-06;603;14
2020-04-06;606;27
2020-04-06;610;5
2020-04-06;613;5
2020-04-06;614;5
2020-04-06;622;22
2020-04-06;626;7
2020-04-06;627;9
2020-04-06;629;4
2020-04-06;632;33
2020-04-06;637;28
2020-04-06;638;2
2020-04-06;642;11
2020-04-06;654;4
2020-04-06;664;8
2020-04-06;668;11
2020-04-06;677;4
2020-04-06;678;1
2020-04-06;687;13
2020-04-06;703;4
2020-04-06;715;16
2020-04-06;716;30
2020-04-06;717;3
2020-04-06;718;7
2020-04-06;736;21
2020-04-06;737;3
2020-04-06;743;8
2020-04-06;744;1
2020-04-06;748;15
2020-04-06;753;24
2020-04-06;755;27
2020-04-06;756;14
2020-04-06;757;11
2020-04-06;758;127
2020-04-06;762;44
2020-04-06;765;4
2020-04-06;766;11
2020-04-06;770;18
2020-04-06;772;87
2020-04-06;777;31
2020-04-06;779;9
2020-04-06;784;15
2020-04-06;785;21
2020-04-06;786;14
2020-04-06;788;15
2020-04-06;794;54
2020-04-06;796;87
2020-04-06;797;32
2020-04-06;798;6
2020-04-06;809;19
2020-04-06;815;7
2020-04-06;820;12
2020-04-06;823;9
2020-04-06;824;10
2020-04-06;826;25
2020-04-06;828;100
2020-04-06;840;6
2020-04-06;845;18
2020-04-06;847;20
2020-04-06;848;22
2020-04-06;851;8
2020-04-06;852;9
2020-04-06;855;144
2020-04-06;856;82
2020-04-06;858;10
2020-04-06;861;15
2020-04-06;865;29
2020-04-06;866;3
2020-04-06;867;18
2020-04-06;873;4
2020-04-06;879;14
2020-04-06;880;12
2020-04-06;882;30
2020-04-06;888;11
2020-04-06;889;13
2020-04-06;893;4
2020-04-06;899;25
2020-04-06;907;12
2020-04-06;917;83
2020-04-06;928;38
2020-04-06;935;106
2020-04-06;938;10
2020-04-06;944;4
2020-04-06;946;25
2020-04-06;957;37
2020-04-06;965;15
2020-04-06;971;31
2020-04-06;981;7
2020-04-06;983;95
2020-04-06;984;32
2020-04-06;986;11
2020-04-06;988;40
2020-04-06;994;12
2020-04-06;995;32
2020-04-06;1507;36
2020-04-06;1509;5
2020-04-06;1525;11
2020-04-06;1581;17
2020-04-06;1586;4
2020-04-06;1598;6
2020-04-06;1621;22
2020-04-06;1640;46
2020-04-06;1641;18
2020-04-06;1652;61
2020-04-06;1655;9
2020-04-06;1658;7
2020-04-06;1659;27
2020-04-06;1667;7
2020-04-06;1669;21
2020-04-06;1674;15
2020-04-06;1676;9
2020-04-06;1680;1
2020-04-06;1681;2
2020-04-06;1684;7
2020-04-06;1685;25
2020-04-06;1690;2
2020-04-06;1696;5
2020-04-06;1699;1
2020-04-06;1700;8
2020-04-06;1701;3
2020-04-06;1702;15
2020-04-06;1705;21
2020-04-06;1706;44
2020-04-06;1708;8
2020-04-06;1709;7
2020-04-06;1711;27
2020-04-06;1714;5
2020-04-06;1719;14
2020-04-06;1721;70
2020-04-06;1723;13
2020-04-06;1724;9
2020-04-06;1728;12
2020-04-06;1729;12
2020-04-06;1730;7
2020-04-06;1731;6
2020-04-06;1734;45
2020-04-06;1735;12
2020-04-06;1740;29
2020-04-06;1742;16
2020-04-06;1771;18
2020-04-06;1773;7
2020-04-06;1774;16
2020-04-06;1783;36
2020-04-06;1842;3
2020-04-06;1859;1
2020-04-06;1876;1
2020-04-06;1883;71
2020-04-06;1884;5
2020-04-06;1891;2
2020-04-06;1892;13
2020-04-06;1894;118
2020-04-06;1895;1
2020-04-06;1896;22
2020-04-06;1900;13
2020-04-06;1901;5
2020-04-06;1903;36
2020-04-06;1904;23
2020-04-06;1911;24
2020-04-06;1916;12
2020-04-06;1924;37
2020-04-06;1926;14
2020-04-06;1930;25
2020-04-06;1931;33
2020-04-06;1940;12
2020-04-06;1942;16
2020-04-06;1945;25
2020-04-06;1948;144
2020-04-06;1949;6
2020-04-06;1950;5
2020-04-06;1952;4
2020-04-06;1954;34
2020-04-06;1955;5
2020-04-06;1959;22
2020-04-06;1960;23
2020-04-06;1961;19
2020-04-06;1963;51
2020-04-06;1966;5
2020-04-06;1969;11
2020-04-06;1970;4
2020-04-06;1978;14
2020-04-07;3;2
2020-04-07;10;5
2020-04-07;14;14
2020-04-07;34;80
2020-04-07;47;1
2020-04-07;50;6
2020-04-07;72;2
2020-04-07;74;10
2020-04-07;80;29
2020-04-07;85;1
2020-04-07;86;5
2020-04-07;90;6
2020-04-07;98;2
2020-04-07;106;9
2020-04-07;109;9
2020-04-07;114;12
2020-04-07;118;9
2020-04-07;119;5
2020-04-07;141;15
2020-04-07;147;13
2020-04-07;148;13
2020-04-07;150;29
2020-04-07;153;39
2020-04-07;158;11
2020-04-07;160;12
2020-04-07;163;6
2020-04-07;164;12
2020-04-07;166;42
2020-04-07;168;6
2020-04-07;171;8
2020-04-07;173;11
2020-04-07;175;7
2020-04-07;177;20
2020-04-07;180;4
2020-04-07;183;10
2020-04-07;184;16
2020-04-07;189;2
2020-04-07;193;38
2020-04-07;197;1
2020-04-07;200;30
2020-04-07;202;46
2020-04-07;203;10
2020-04-07;209;17
2020-04-07;213;7
2020-04-07;214;7
2020-04-07;216;20
2020-04-07;221;4
2020-04-07;222;7
2020-04-07;225;16
2020-04-07;226;7
2020-04-07;228;42
2020-04-07;230;6
2020-04-07;232;13
2020-04-07;233;14
2020-04-07;243;10
2020-04-07;244;7
2020-04-07;246;22
2020-04-07;252;14
2020-04-07;262;5
2020-04-07;263;12
2020-04-07;267;18
2020-04-07;268;98
2020-04-07;269;13
2020-04-07;273;2
2020-04-07;274;12
2020-04-07;275;28
2020-04-07;277;1
2020-04-07;279;2
2020-04-07;281;28
2020-04-07;285;8
2020-04-07;289;9
2020-04-07;293;5
2020-04-07;294;1
2020-04-07;296;34
2020-04-07;297;13
2020-04-07;299;27
2020-04-07;301;12
2020-04-07;302;23
2020-04-07;303;15
2020-04-07;307;37
2020-04-07;308;7
2020-04-07;310;19
2020-04-07;312;6
2020-04-07;313;3
2020-04-07;317;1
2020-04-07;321;16
2020-04-07;327;6
2020-04-07;331;15
2020-04-07;335;11
2020-04-07;339;3
2020-04-07;340;3
2020-04-07;342;16
2020-04-07;344;134
2020-04-07;345;15
2020-04-07;351;7
2020-04-07;352;8
2020-04-07;353;26
2020-04-07;355;25
2020-04-07;356;25
2020-04-07;358;8
2020-04-07;361;36
2020-04-07;362;39
2020-04-07;363;341
2020-04-07;370;4
2020-04-07;373;15
2020-04-07;375;10
2020-04-07;376;5
2020-04-07;377;5
2020-04-07;383;13
2020-04-07;384;4
2020-04-07;385;14
2020-04-07;388;15
2020-04-07;392;37
2020-04-07;394;42
2020-04-07;396;19
2020-04-07;397;8
2020-04-07;398;22
2020-04-07;399;8
2020-04-07;400;8
2020-04-07;402;18
2020-04-07;405;22
2020-04-07;406;15
2020-04-07;415;3
2020-04-07;416;14
2020-04-07;417;8
2020-04-07;420;10
2020-04-07;431;6
2020-04-07;432;1
2020-04-07;437;4
2020-04-07;439;50
2020-04-07;441;14
2020-04-07;448;3
2020-04-07;450;3
2020-04-07;451;12
2020-04-07;453;19
2020-04-07;457;8
2020-04-07;473;7
2020-04-07;479;78
2020-04-07;482;6
2020-04-07;484;40
2020-04-07;489;21
2020-04-07;498;2
2020-04-07;501;7
2020-04-07;502;27
2020-04-07;503;29
2020-04-07;505;55
2020-04-07;512;11
2020-04-07;513;24
2020-04-07;518;151
2020-04-07;523;1
2020-04-07;530;8
2020-04-07;531;4
2020-04-07;532;15
2020-04-07;534;5
2020-04-07;537;14
2020-04-07;542;5
2020-04-07;546;25
2020-04-07;547;7
2020-04-07;553;5
2020-04-07;556;12
2020-04-07;569;7
2020-04-07;575;11
2020-04-07;579;5
2020-04-07;589;20
2020-04-07;590;3
2020-04-07;597;27
2020-04-07;599;211
2020-04-07;603;16
2020-04-07;606;27
2020-04-07;610;5
2020-04-07;613;5
2020-04-07;614;5
2020-04-07;622;22
2020-04-07;626;8
2020-04-07;627;9
2020-04-07;629;5
2020-04-07;632;33
2020-04-07;637;30
2020-04-07;638;2
2020-04-07;642;11
2020-04-07;654;4
2020-04-07;664;8
2020-04-07;668;11
2020-04-07;677;6
2020-04-07;678;1
2020-04-07;687;13
2020-04-07;703;4
2020-04-07;715;17
2020-04-07;716;31
2020-04-07;717;4
2020-04-07;718;7
2020-04-07;736;22
2020-04-07;737;4
2020-04-07;743;8
2020-04-07;744;1
2020-04-07;748;15
2020-04-07;753;24
2020-04-07;755;28
2020-04-07;756;15
2020-04-07;757;12
2020-04-07;758;127
2020-04-07;762;44
2020-04-07;765;4
2020-04-07;766;12
2020-04-07;770;18
2020-04-07;772;93
2020-04-07;777;31
2020-04-07;779;9
2020-04-07;784;15
2020-04-07;785;23
2020-04-07;786;15
2020-04-07;788;15
2020-04-07;794;54
2020-04-07;796;97
2020-04-07;797;34
2020-04-07;798;6
2020-04-07;809;20
2020-04-07;815;7
2020-04-07;820;12
2020-04-07;823;9
2020-04-07;824;13
2020-04-07;826;25
2020-04-07;828;104
2020-04-07;840;6
2020-04-07;845;18
2020-04-07;847;20
2020-04-07;848;22
2020-04-07;851;9
2020-04-07;852;10
2020-04-07;855;148
2020-04-07;856;82
2020-04-07;858;10
2020-04-07;861;16
2020-04-07;865;31
2020-04-07;866;3
2020-04-07;867;18
2020-04-07;873;4
2020-04-07;879;15
2020-04-07;880;13
2020-04-07;882;31
2020-04-07;888;11
2020-04-07;889;13
2020-04-07;893;5
2020-04-07;899;25
2020-04-07;907;12
2020-04-07;917;84
2020-04-07;928;40
2020-04-07;935;109
2020-04-07;938;11
2020-04-07;944;4
2020-04-07;946;25
2020-04-07;957;37
2020-04-07;965;15
2020-04-07;971;33
2020-04-07;981;7
2020-04-07;983;100
2020-04-07;984;33
2020-04-07;986;11
2020-04-07;988;43
2020-04-07;994;13
2020-04-07;995;33
2020-04-07;1507;36
2020-04-07;1509;5
2020-04-07;1525;11
2020-04-07;1581;19
2020-04-07;1586;4
2020-04-07;1598;6
2020-04-07;1621;26
2020-04-07;1640;47
2020-04-07;1641;21
2020-04-07;1652;61
2020-04-07;1655;9
2020-04-07;1658;8
2020-04-07;1659;27
2020-04-07;1667;7
2020-04-07;1669;21
2020-04-07;1674;15
2020-04-07;1676;9
2020-04-07;1680;1
2020-04-07;1681;2
2020-04-07;1684;8
2020-04-07;1685;26
2020-04-07;1690;5
2020-04-07;1695;1
2020-04-07;1696;6
2020-04-07;1699;1
2020-04-07;1700;8
2020-04-07;1701;3
2020-04-07;1702;16
2020-04-07;1705;21
2020-04-07;1706;45
2020-04-07;1708;9
2020-04-07;1709;7
2020-04-07;1711;30
2020-04-07;1714;6
2020-04-07;1719;15
2020-04-07;1721;72
2020-04-07;1723;14
2020-04-07;1724;9
2020-04-07;1728;13
2020-04-07;1729;13
2020-04-07;1730;7
2020-04-07;1731;6
2020-04-07;1734;47
2020-04-07;1735;13
2020-04-07;1740;29
2020-04-07;1742;17
2020-04-07;1771;20
2020-04-07;1773;9
2020-04-07;1774;16
2020-04-07;1783;38
2020-04-07;1842;3
2020-04-07;1859;2
2020-04-07;1876;2
2020-04-07;1883;74
2020-04-07;1884;5
2020-04-07;1891;2
2020-04-07;1892;14
2020-04-07;1894;124
2020-04-07;1895;1
2020-04-07;1896;25
2020-04-07;1900;14
2020-04-07;1901;5
2020-04-07;1903;36
2020-04-07;1904;25
2020-04-07;1911;26
2020-04-07;1916;15
2020-04-07;1924;39
2020-04-07;1926;15
2020-04-07;1930;25
2020-04-07;1931;33
2020-04-07;1940;12
2020-04-07;1942;19
2020-04-07;1945;25
2020-04-07;1948;150
2020-04-07;1949;6
2020-04-07;1950;5
2020-04-07;1952;4
2020-04-07;1954;34
2020-04-07;1955;5
2020-04-07;1959;24
2020-04-07;1960;24
2020-04-07;1961;20
2020-04-07;1963;57
2020-04-07;1966;5
2020-04-07;1969;12
2020-04-07;1970;4
2020-04-07;1978;15
2020-04-08;3;2
2020-04-08;10;5
2020-04-08;14;14
2020-04-08;34;83
2020-04-08;37;1
2020-04-08;47;1
2020-04-08;50;6
2020-04-08;72;2
2020-04-08;74;10
2020-04-08;80;29
2020-04-08;85;1
2020-04-08;86;5
2020-04-08;90;6
2020-04-08;98;2
2020-04-08;106;9
2020-04-08;109;9
2020-04-08;114;13
2020-04-08;118;10
2020-04-08;119;5
2020-04-08;141;15
2020-04-08;147;13
2020-04-08;148;15
2020-04-08;150;32
2020-04-08;153;42
2020-04-08;158;11
2020-04-08;160;16
2020-04-08;163;7
2020-04-08;164;14
2020-04-08;166;46
2020-04-08;168;6
2020-04-08;171;8
2020-04-08;173;13
2020-04-08;175;7
2020-04-08;177;20
2020-04-08;180;4
2020-04-08;183;10
2020-04-08;184;18
2020-04-08;189;3
2020-04-08;193;41
2020-04-08;197;1
2020-04-08;200;30
2020-04-08;202;48
2020-04-08;203;10
2020-04-08;209;17
2020-04-08;213;8
2020-04-08;214;7
2020-04-08;216;20
2020-04-08;221;4
2020-04-08;222;8
2020-04-08;225;16
2020-04-08;226;9
2020-04-08;228;44
2020-04-08;230;8
2020-04-08;232;14
2020-04-08;233;15
2020-04-08;243;11
2020-04-08;244;9
2020-04-08;246;23
2020-04-08;252;14
2020-04-08;262;5
2020-04-08;263;14
2020-04-08;267;18
2020-04-08;268;100
2020-04-08;269;17
2020-04-08;273;2
2020-04-08;274;12
2020-04-08;275;29
2020-04-08;277;1
2020-04-08;279;2
2020-04-08;281;30
2020-04-08;285;8
2020-04-08;289;10
2020-04-08;293;7
2020-04-08;294;2
2020-04-08;296;34
2020-04-08;297;14
2020-04-08;299;27
2020-04-08;301;12
2020-04-08;302;24
2020-04-08;303;16
2020-04-08;307;42
2020-04-08;308;7
2020-04-08;310;19
2020-04-08;312;7
2020-04-08;313;3
2020-04-08;317;1
2020-04-08;321;17
2020-04-08;327;7
2020-04-08;331;15
2020-04-08;335;12
2020-04-08;339;3
2020-04-08;340;3
2020-04-08;342;17
2020-04-08;344;140
2020-04-08;345;22
2020-04-08;351;7
2020-04-08;352;8
2020-04-08;353;26
2020-04-08;355;26
2020-04-08;356;26
2020-04-08;358;8
2020-04-08;361;37
2020-04-08;362;38
2020-04-08;363;340
2020-04-08;370;4
2020-04-08;373;15
2020-04-08;375;10
2020-04-08;376;5
2020-04-08;377;5
2020-04-08;383;13
2020-04-08;384;4
2020-04-08;385;16
2020-04-08;388;16
2020-04-08;392;43
2020-04-08;394;45
2020-04-08;396;19
2020-04-08;397;8
2020-04-08;398;22
2020-04-08;399;8
2020-04-08;400;8
2020-04-08;402;18
2020-04-08;405;22
2020-04-08;406;15
2020-04-08;415;3
2020-04-08;416;15
2020-04-08;417;8
2020-04-08;420;12
2020-04-08;431;7
2020-04-08;432;1
2020-04-08;437;4
2020-04-08;439;52
2020-04-08;441;14
2020-04-08;448;3
2020-04-08;450;3
2020-04-08;451;12
2020-04-08;453;21
2020-04-08;457;8
2020-04-08;473;8
2020-04-08;479;82
2020-04-08;482;7
2020-04-08;484;43
2020-04-08;489;22
2020-04-08;498;2
2020-04-08;501;8
2020-04-08;502;27
2020-04-08;503;31
2020-04-08;505;56
2020-04-08;512;13
2020-04-08;513;26
2020-04-08;518;159
2020-04-08;523;1
2020-04-08;530;11
2020-04-08;531;5
2020-04-08;532;15
2020-04-08;534;5
2020-04-08;537;16
2020-04-08;542;5
2020-04-08;546;27
2020-04-08;547;8
2020-04-08;553;5
2020-04-08;556;13
2020-04-08;569;7
2020-04-08;575;11
2020-04-08;579;5
2020-04-08;589;20
2020-04-08;590;4
2020-04-08;597;27
2020-04-08;599;230
2020-04-08;603;16
2020-04-08;606;30
2020-04-08;610;5
2020-04-08;613;6
2020-04-08;614;5
2020-04-08;622;23
2020-04-08;626;8
2020-04-08;627;9
2020-04-08;629;6
2020-04-08;632;34
2020-04-08;637;31
2020-04-08;638;2
2020-04-08;642;11
2020-04-08;654;4
2020-04-08;664;8
2020-04-08;668;11
2020-04-08;677;6
2020-04-08;678;1
2020-04-08;687;13
2020-04-08;703;4
2020-04-08;715;16
2020-04-08;716;32
2020-04-08;717;4
2020-04-08;718;8
2020-04-08;736;23
2020-04-08;737;4
2020-04-08;743;9
2020-04-08;744;1
2020-04-08;748;15
2020-04-08;753;25
2020-04-08;755;28
2020-04-08;756;16
2020-04-08;757;13
2020-04-08;758;129
2020-04-08;762;46
2020-04-08;765;4
2020-04-08;766;13
2020-04-08;770;18
2020-04-08;772;94
2020-04-08;777;33
2020-04-08;779;9
2020-04-08;784;16
2020-04-08;785;24
2020-04-08;786;16
2020-04-08;788;15
2020-04-08;794;59
2020-04-08;796;101
2020-04-08;797;35
2020-04-08;798;6
2020-04-08;809;20
2020-04-08;815;7
2020-04-08;820;12
2020-04-08;823;9
2020-04-08;824;14
2020-04-08;826;27
2020-04-08;828;107
2020-04-08;840;6
2020-04-08;845;20
2020-04-08;847;20
2020-04-08;848;22
2020-04-08;851;9
2020-04-08;852;11
2020-04-08;855;150
2020-04-08;856;84
2020-04-08;858;10
2020-04-08;861;17
2020-04-08;865;32
2020-04-08;866;4
2020-04-08;867;19
2020-04-08;873;4
2020-04-08;879;15
2020-04-08;880;14
2020-04-08;882;33
2020-04-08;888;11
2020-04-08;889;14
2020-04-08;893;5
2020-04-08;899;28
2020-04-08;907;13
2020-04-08;917;87
2020-04-08;928;42
2020-04-08;935;112
2020-04-08;938;11
2020-04-08;944;4
2020-04-08;946;25
2020-04-08;957;40
2020-04-08;965;15
2020-04-08;971;34
2020-04-08;981;7
2020-04-08;983;101
2020-04-08;984;34
2020-04-08;986;12
2020-04-08;988;49
2020-04-08;994;13
2020-04-08;995;34
2020-04-08;1507;36
2020-04-08;1509;5
2020-04-08;1525;11
2020-04-08;1581;19
2020-04-08;1586;4
2020-04-08;1598;6
2020-04-08;1621;26
2020-04-08;1640;50
2020-04-08;1641;21
2020-04-08;1652;62
2020-04-08;1655;9
2020-04-08;1658;8
2020-04-08;1659;27
2020-04-08;1667;7
2020-04-08;1669;22
2020-04-08;1674;15
2020-04-08;1676;9
2020-04-08;1680;1
2020-04-08;1681;2
2020-04-08;1684;9
2020-04-08;1685;28
2020-04-08;1690;5
2020-04-08;1695;1
2020-04-08;1696;6
2020-04-08;1699;1
2020-04-08;1700;8
2020-04-08;1701;4
2020-04-08;1702;17
2020-04-08;1705;21
2020-04-08;1706;48
2020-04-08;1708;10
2020-04-08;1709;7
2020-04-08;1711;32
2020-04-08;1714;6
2020-04-08;1719;16
2020-04-08;1721;75
2020-04-08;1723;15
2020-04-08;1724;9
2020-04-08;1728;13
2020-04-08;1729;13
2020-04-08;1730;7
2020-04-08;1731;6
2020-04-08;1734;47
2020-04-08;1735;13
2020-04-08;1740;30
2020-04-08;1742;18
2020-04-08;1771;20
2020-04-08;1773;9
2020-04-08;1774;16
2020-04-08;1783;38
2020-04-08;1842;3
2020-04-08;1859;2
2020-04-08;1876;2
2020-04-08;1883;76
2020-04-08;1884;5
2020-04-08;1891;2
2020-04-08;1892;16
2020-04-08;1894;128
2020-04-08;1895;1
2020-04-08;1896;27
2020-04-08;1900;14
2020-04-08;1901;5
2020-04-08;1903;37
2020-04-08;1904;25
2020-04-08;1911;26
2020-04-08;1916;16
2020-04-08;1924;40
2020-04-08;1926;15
2020-04-08;1930;27
2020-04-08;1931;34
2020-04-08;1940;12
2020-04-08;1942;20
2020-04-08;1945;27
2020-04-08;1948;155
2020-04-08;1949;6
2020-04-08;1950;5
2020-04-08;1952;4
2020-04-08;1954;35
2020-04-08;1955;6
2020-04-08;1959;24
2020-04-08;1960;27
2020-04-08;1961;20
2020-04-08;1963;58
2020-04-08;1966;7
2020-04-08;1969;12
2020-04-08;1970;4
2020-04-08;1978;15
2020-04-09;3;2
2020-04-09;10;5
2020-04-09;14;14
2020-04-09;34;84
2020-04-09;37;1
2020-04-09;47;1
2020-04-09;50;6
2020-04-09;72;2
2020-04-09;74;11
2020-04-09;80;29
2020-04-09;85;1
2020-04-09;86;5
2020-04-09;90;6
2020-04-09;98;2
2020-04-09;106;9
2020-04-09;109;9
2020-04-09;114;13
2020-04-09;118;10
2020-04-09;119;5
2020-04-09;141;16
2020-04-09;147;13
2020-04-09;148;15
2020-04-09;150;32
2020-04-09;153;43
2020-04-09;158;12
2020-04-09;160;17
2020-04-09;163;7
2020-04-09;164;14
2020-04-09;166;47
2020-04-09;168;6
2020-04-09;171;8
2020-04-09;173;13
2020-04-09;175;7
2020-04-09;177;20
2020-04-09;180;4
2020-04-09;183;10
2020-04-09;184;18
2020-04-09;189;4
2020-04-09;193;42
2020-04-09;197;1
2020-04-09;200;33
2020-04-09;202;49
2020-04-09;203;11
2020-04-09;209;17
2020-04-09;213;8
2020-04-09;214;7
2020-04-09;216;20
2020-04-09;221;4
2020-04-09;222;9
2020-04-09;225;17
2020-04-09;226;9
2020-04-09;228;46
2020-04-09;230;10
2020-04-09;232;14
2020-04-09;233;15
2020-04-09;243;12
2020-04-09;244;9
2020-04-09;246;24
2020-04-09;252;15
2020-04-09;262;6
2020-04-09;263;14
2020-04-09;267;19
2020-04-09;268;100
2020-04-09;269;18
2020-04-09;273;3
2020-04-09;274;13
2020-04-09;275;29
2020-04-09;277;1
2020-04-09;279;2
2020-04-09;281;31
2020-04-09;285;9
2020-04-09;289;10
2020-04-09;293;8
2020-04-09;294;2
2020-04-09;296;35
2020-04-09;297;15
2020-04-09;299;28
2020-04-09;301;12
2020-04-09;302;26
2020-04-09;303;18
2020-04-09;307;43
2020-04-09;308;7
2020-04-09;310;19
2020-04-09;312;7
2020-04-09;313;4
2020-04-09;317;1
2020-04-09;321;17
2020-04-09;327;7
2020-04-09;331;15
2020-04-09;335;12
2020-04-09;339;4
2020-04-09;340;3
2020-04-09;342;17
2020-04-09;344;143
2020-04-09;345;24
2020-04-09;351;7
2020-04-09;352;8
2020-04-09;353;28
2020-04-09;355;26
2020-04-09;356;29
2020-04-09;358;8
2020-04-09;361;40
2020-04-09;362;40
2020-04-09;363;344
2020-04-09;370;4
2020-04-09;373;16
2020-04-09;375;10
2020-04-09;376;5
2020-04-09;377;5
2020-04-09;383;13
2020-04-09;384;4
2020-04-09;385;17
2020-04-09;388;16
2020-04-09;392;47
2020-04-09;394;46
2020-04-09;396;20
2020-04-09;397;8
2020-04-09;398;22
2020-04-09;399;9
2020-04-09;400;8
2020-04-09;402;18
2020-04-09;405;22
2020-04-09;406;16
2020-04-09;415;3
2020-04-09;416;15
2020-04-09;417;8
2020-04-09;420;14
2020-04-09;431;8
2020-04-09;432;1
2020-04-09;437;4
2020-04-09;439;54
2020-04-09;441;14
2020-04-09;448;3
2020-04-09;450;3
2020-04-09;451;12
2020-04-09;453;21
2020-04-09;457;8
2020-04-09;473;8
2020-04-09;479;86
2020-04-09;482;7
2020-04-09;484;46
2020-04-09;489;24
2020-04-09;498;2
2020-04-09;501;9
2020-04-09;502;27
2020-04-09;503;33
2020-04-09;505;60
2020-04-09;512;14
2020-04-09;513;27
2020-04-09;518;167
2020-04-09;523;1
2020-04-09;530;11
2020-04-09;531;5
2020-04-09;532;15
2020-04-09;534;5
2020-04-09;537;17
2020-04-09;542;5
2020-04-09;546;27
2020-04-09;547;8
2020-04-09;553;5
2020-04-09;556;13
2020-04-09;569;7
2020-04-09;575;11
2020-04-09;579;5
2020-04-09;589;20
2020-04-09;590;5
2020-04-09;597;28
2020-04-09;599;239
2020-04-09;603;15
2020-04-09;606;30
2020-04-09;610;6
2020-04-09;613;6
2020-04-09;614;6
2020-04-09;622;26
2020-04-09;626;8
2020-04-09;627;11
2020-04-09;629;6
2020-04-09;632;35
2020-04-09;637;31
2020-04-09;638;2
2020-04-09;642;12
2020-04-09;654;4
2020-04-09;664;9
2020-04-09;668;11
2020-04-09;677;6
2020-04-09;678;1
2020-04-09;687;13
2020-04-09;703;4
2020-04-09;715;17
2020-04-09;716;33
2020-04-09;717;4
2020-04-09;718;8
2020-04-09;736;24
2020-04-09;737;4
2020-04-09;743;9
2020-04-09;744;1
2020-04-09;748;16
2020-04-09;753;25
2020-04-09;755;28
2020-04-09;756;16
2020-04-09;757;15
2020-04-09;758;132
2020-04-09;762;46
2020-04-09;765;4
2020-04-09;766;14
2020-04-09;770;18
2020-04-09;772;95
2020-04-09;777;33
2020-04-09;779;9
2020-04-09;784;16
2020-04-09;785;24
2020-04-09;786;16
2020-04-09;788;15
2020-04-09;794;59
2020-04-09;796;102
2020-04-09;797;35
2020-04-09;798;6
2020-04-09;809;20
2020-04-09;815;9
2020-04-09;820;12
2020-04-09;823;9
2020-04-09;824;16
2020-04-09;826;29
2020-04-09;828;108
2020-04-09;840;6
2020-04-09;845;21
2020-04-09;847;20
2020-04-09;848;23
2020-04-09;851;9
2020-04-09;852;11
2020-04-09;855;153
2020-04-09;856;86
2020-04-09;858;10
2020-04-09;861;18
2020-04-09;865;33
2020-04-09;866;4
2020-04-09;867;23
2020-04-09;873;4
2020-04-09;879;15
2020-04-09;880;15
2020-04-09;882;34
2020-04-09;888;12
2020-04-09;889;15
2020-04-09;893;5
2020-04-09;899;29
2020-04-09;907;13
2020-04-09;917;92
2020-04-09;928;44
2020-04-09;935;116
2020-04-09;938;11
2020-04-09;944;4
2020-04-09;946;25
2020-04-09;957;42
2020-04-09;965;16
2020-04-09;971;35
2020-04-09;981;8
2020-04-09;983;105
2020-04-09;984;34
2020-04-09;986;12
2020-04-09;988;52
2020-04-09;994;13
2020-04-09;995;37
2020-04-09;1507;38
2020-04-09;1509;6
2020-04-09;1525;11
2020-04-09;1581;19
2020-04-09;1586;4
2020-04-09;1598;6
2020-04-09;1621;29
2020-04-09;1640;51
2020-04-09;1641;21
2020-04-09;1652;63
2020-04-09;1655;9
2020-04-09;1658;8
2020-04-09;1659;27
2020-04-09;1667;7
2020-04-09;1669;24
2020-04-09;1674;15
2020-04-09;1676;9
2020-04-09;1680;1
2020-04-09;1681;2
2020-04-09;1684;9
2020-04-09;1685;28
2020-04-09;1690;7
2020-04-09;1695;1
2020-04-09;1696;7
2020-04-09;1699;2
2020-04-09;1700;8
2020-04-09;1701;5
2020-04-09;1702;17
2020-04-09;1705;22
2020-04-09;1706;48
2020-04-09;1708;10
2020-04-09;1709;9
2020-04-09;1711;32
2020-04-09;1714;6
2020-04-09;1719;16
2020-04-09;1721;75
2020-04-09;1723;15
2020-04-09;1724;9
2020-04-09;1728;13
2020-04-09;1729;13
2020-04-09;1730;7
2020-04-09;1731;6
2020-04-09;1734;49
2020-04-09;1735;13
2020-04-09;1740;30
2020-04-09;1742;19
2020-04-09;1771;20
2020-04-09;1773;9
2020-04-09;1774;16
2020-04-09;1783;39
2020-04-09;1842;3
2020-04-09;1859;2
2020-04-09;1876;4
2020-04-09;1883;81
2020-04-09;1884;5
2020-04-09;1891;2
2020-04-09;1892;16
2020-04-09;1894;129
2020-04-09;1895;1
2020-04-09;1896;29
2020-04-09;1900;14
2020-04-09;1901;6
2020-04-09;1903;41
2020-04-09;1904;25
2020-04-09;1911;26
2020-04-09;1916;16
2020-04-09;1924;40
2020-04-09;1926;15
2020-04-09;1930;28
2020-04-09;1931;35
2020-04-09;1940;12
2020-04-09;1942;20
2020-04-09;1945;27
2020-04-09;1948;160
2020-04-09;1949;6
2020-04-09;1950;5
2020-04-09;1952;4
2020-04-09;1954;37
2020-04-09;1955;6
2020-04-09;1959;24
2020-04-09;1960;27
2020-04-09;1961;20
2020-04-09;1963;60
2020-04-09;1966;7
2020-04-09;1969;12
2020-04-09;1970;4
2020-04-09;1978;15
2020-04-10;3;2
2020-04-10;10;5
2020-04-10;14;14
2020-04-10;34;88
2020-04-10;37;1
2020-04-10;47;1
2020-04-10;50;8
2020-04-10;72;2
2020-04-10;74;11
2020-04-10;80;31
2020-04-10;85;1
2020-04-10;86;5
2020-04-10;90;6
2020-04-10;98;2
2020-04-10;106;10
2020-04-10;109;9
2020-04-10;114;13
2020-04-10;118;10
2020-04-10;119;5
2020-04-10;141;18
2020-04-10;147;13
2020-04-10;148;15
2020-04-10;150;32
2020-04-10;153;43
2020-04-10;158;12
2020-04-10;160;17
2020-04-10;163;7
2020-04-10;164;15
2020-04-10;166;47
2020-04-10;168;6
2020-04-10;171;8
2020-04-10;173;14
2020-04-10;175;7
2020-04-10;177;20
2020-04-10;180;4
2020-04-10;183;10
2020-04-10;184;19
2020-04-10;189;4
2020-04-10;193;42
2020-04-10;197;1
2020-04-10;200;34
2020-04-10;202;49
2020-04-10;203;11
2020-04-10;209;17
2020-04-10;213;8
2020-04-10;214;7
2020-04-10;216;20
2020-04-10;221;4
2020-04-10;222;9
2020-04-10;225;19
2020-04-10;226;9
2020-04-10;228;47
2020-04-10;230;11
2020-04-10;232;14
2020-04-10;233;15
2020-04-10;243;13
2020-04-10;244;9
2020-04-10;246;24
2020-04-10;252;15
2020-04-10;262;6
2020-04-10;263;14
2020-04-10;267;20
2020-04-10;268;103
2020-04-10;269;19
2020-04-10;273;3
2020-04-10;274;14
2020-04-10;275;29
2020-04-10;277;1
2020-04-10;279;2
2020-04-10;281;31
2020-04-10;285;9
2020-04-10;289;10
2020-04-10;293;8
2020-04-10;294;2
2020-04-10;296;35
2020-04-10;297;16
2020-04-10;299;29
2020-04-10;301;15
2020-04-10;302;27
2020-04-10;303;19
2020-04-10;307;47
2020-04-10;308;7
2020-04-10;310;19
2020-04-10;312;7
2020-04-10;313;4
2020-04-10;317;1
2020-04-10;321;17
2020-04-10;327;7
2020-04-10;331;16
2020-04-10;335;12
2020-04-10;339;4
2020-04-10;340;3
2020-04-10;342;17
2020-04-10;344;145
2020-04-10;345;27
2020-04-10;351;7
2020-04-10;352;8
2020-04-10;353;28
2020-04-10;355;26
2020-04-10;356;29
2020-04-10;358;8
2020-04-10;361;42
2020-04-10;362;40
2020-04-10;363;346
2020-04-10;370;4
2020-04-10;373;16
2020-04-10;375;11
2020-04-10;376;5
2020-04-10;377;5
2020-04-10;383;13
2020-04-10;384;4
2020-04-10;385;18
2020-04-10;388;16
2020-04-10;392;49
2020-04-10;394;49
2020-04-10;396;20
2020-04-10;397;8
2020-04-10;398;22
2020-04-10;399;9
2020-04-10;400;8
2020-04-10;402;19
2020-04-10;405;22
2020-04-10;406;16
2020-04-10;415;3
2020-04-10;416;15
2020-04-10;417;8
2020-04-10;420;14
2020-04-10;431;8
2020-04-10;432;1
2020-04-10;437;4
2020-04-10;439;54
2020-04-10;441;14
2020-04-10;448;3
2020-04-10;450;3
2020-04-10;451;12
2020-04-10;453;25
2020-04-10;457;8
2020-04-10;473;8
2020-04-10;479;89
2020-04-10;482;8
2020-04-10;484;46
2020-04-10;489;27
2020-04-10;498;2
2020-04-10;501;10
2020-04-10;502;28
2020-04-10;503;35
2020-04-10;505;60
2020-04-10;512;14
2020-04-10;513;28
2020-04-10;518;180
2020-04-10;523;1
2020-04-10;530;11
2020-04-10;531;5
2020-04-10;532;15
2020-04-10;534;5
2020-04-10;537;17
2020-04-10;542;6
2020-04-10;546;29
2020-04-10;547;8
2020-04-10;553;5
2020-04-10;556;13
2020-04-10;569;7
2020-04-10;575;12
2020-04-10;579;6
2020-04-10;589;20
2020-04-10;590;7
2020-04-10;597;29
2020-04-10;599;255
2020-04-10;603;16
2020-04-10;606;30
2020-04-10;610;6
2020-04-10;613;7
2020-04-10;614;6
2020-04-10;622;26
2020-04-10;626;8
2020-04-10;627;11
2020-04-10;629;7
2020-04-10;632;36
2020-04-10;637;33
2020-04-10;638;2
2020-04-10;642;12
2020-04-10;654;4
2020-04-10;664;9
2020-04-10;668;11
2020-04-10;677;7
2020-04-10;678;1
2020-04-10;687;13
2020-04-10;703;4
2020-04-10;715;19
2020-04-10;716;33
2020-04-10;717;4
2020-04-10;718;8
2020-04-10;736;24
2020-04-10;737;4
2020-04-10;743;9
2020-04-10;744;1
2020-04-10;748;17
2020-04-10;753;25
2020-04-10;755;29
2020-04-10;756;17
2020-04-10;757;16
2020-04-10;758;134
2020-04-10;762;46
2020-04-10;765;4
2020-04-10;766;15
2020-04-10;770;18
2020-04-10;772;102
2020-04-10;777;35
2020-04-10;779;9
2020-04-10;784;16
2020-04-10;785;24
2020-04-10;786;16
2020-04-10;788;15
2020-04-10;794;60
2020-04-10;796;102
2020-04-10;797;35
2020-04-10;798;6
2020-04-10;809;20
2020-04-10;815;9
2020-04-10;820;12
2020-04-10;823;9
2020-04-10;824;16
2020-04-10;826;34
2020-04-10;828;113
2020-04-10;840;6
2020-04-10;845;22
2020-04-10;847;21
2020-04-10;848;23
2020-04-10;851;10
2020-04-10;852;11
2020-04-10;855;158
2020-04-10;856;87
2020-04-10;858;10
2020-04-10;861;20
2020-04-10;865;33
2020-04-10;866;4
2020-04-10;867;23
2020-04-10;873;4
2020-04-10;879;15
2020-04-10;880;16
2020-04-10;882;35
2020-04-10;888;12
2020-04-10;889;16
2020-04-10;893;5
2020-04-10;899;29
2020-04-10;907;14
2020-04-10;917;92
2020-04-10;928;47
2020-04-10;935;118
2020-04-10;938;12
2020-04-10;944;4
2020-04-10;946;25
2020-04-10;957;46
2020-04-10;965;16
2020-04-10;971;35
2020-04-10;981;8
2020-04-10;983;109
2020-04-10;984;34
2020-04-10;986;12
2020-04-10;988;53
2020-04-10;994;13
2020-04-10;995;40
2020-04-10;1507;38
2020-04-10;1509;7
2020-04-10;1525;11
2020-04-10;1581;19
2020-04-10;1586;5
2020-04-10;1598;6
2020-04-10;1621;29
2020-04-10;1640;51
2020-04-10;1641;21
2020-04-10;1652;65
2020-04-10;1655;9
2020-04-10;1658;8
2020-04-10;1659;28
2020-04-10;1667;7
2020-04-10;1669;24
2020-04-10;1674;17
2020-04-10;1676;9
2020-04-10;1680;1
2020-04-10;1681;2
2020-04-10;1684;9
2020-04-10;1685;28
2020-04-10;1690;7
2020-04-10;1695;1
2020-04-10;1696;7
2020-04-10;1699;2
2020-04-10;1700;8
2020-04-10;1701;6
2020-04-10;1702;18
2020-04-10;1705;23
2020-04-10;1706;48
2020-04-10;1708;10
2020-04-10;1709;9
2020-04-10;1711;33
2020-04-10;1714;7
2020-04-10;1719;16
2020-04-10;1721;76
2020-04-10;1723;15
2020-04-10;1724;9
2020-04-10;1728;13
2020-04-10;1729;13
2020-04-10;1730;7
2020-04-10;1731;6
2020-04-10;1734;48
2020-04-10;1735;14
2020-04-10;1740;30
2020-04-10;1742;20
2020-04-10;1771;20
2020-04-10;1773;9
2020-04-10;1774;17
2020-04-10;1783;39
2020-04-10;1842;3
2020-04-10;1859;2
2020-04-10;1876;4
2020-04-10;1883;85
2020-04-10;1884;5
2020-04-10;1891;2
2020-04-10;1892;16
2020-04-10;1894;130
2020-04-10;1895;1
2020-04-10;1896;30
2020-04-10;1900;14
2020-04-10;1901;7
2020-04-10;1903;43
2020-04-10;1904;25
2020-04-10;1911;26
2020-04-10;1916;16
2020-04-10;1924;43
2020-04-10;1926;17
2020-04-10;1930;31
2020-04-10;1931;37
2020-04-10;1940;13
2020-04-10;1942;20
2020-04-10;1945;27
2020-04-10;1948;165
2020-04-10;1949;6
2020-04-10;1950;5
2020-04-10;1952;5
2020-04-10;1954;37
2020-04-10;1955;6
2020-04-10;1959;24
2020-04-10;1960;27
2020-04-10;1961;20
2020-04-10;1963;62
2020-04-10;1966;7
2020-04-10;1969;13
2020-04-10;1970;5
2020-04-10;1978;16
2020-04-11;3;2
2020-04-11;10;5
2020-04-11;14;15
2020-04-11;34;90
2020-04-11;37;2
2020-04-11;47;1
2020-04-11;50;8
2020-04-11;72;2
2020-04-11;74;11
2020-04-11;80;31
2020-04-11;85;1
2020-04-11;86;5
2020-04-11;90;6
2020-04-11;98;2
2020-04-11;106;10
2020-04-11;109;9
2020-04-11;114;13
2020-04-11;118;10
2020-04-11;119;5
2020-04-11;141;18
2020-04-11;147;13
2020-04-11;148;14
2020-04-11;150;33
2020-04-11;153;44
2020-04-11;158;12
2020-04-11;160;17
2020-04-11;163;7
2020-04-11;164;15
2020-04-11;166;47
2020-04-11;168;6
2020-04-11;171;9
2020-04-11;173;14
2020-04-11;175;7
2020-04-11;177;20
2020-04-11;180;5
2020-04-11;183;10
2020-04-11;184;19
2020-04-11;189;4
2020-04-11;193;43
2020-04-11;197;1
2020-04-11;200;34
2020-04-11;202;49
2020-04-11;203;12
2020-04-11;209;17
2020-04-11;213;8
2020-04-11;214;7
2020-04-11;216;20
2020-04-11;221;4
2020-04-11;222;9
2020-04-11;225;19
2020-04-11;226;10
2020-04-11;228;48
2020-04-11;230;11
2020-04-11;232;14
2020-04-11;233;15
2020-04-11;243;15
2020-04-11;244;9
2020-04-11;246;24
2020-04-11;252;16
2020-04-11;262;6
2020-04-11;263;15
2020-04-11;267;20
2020-04-11;268;106
2020-04-11;269;19
2020-04-11;273;3
2020-04-11;274;14
2020-04-11;275;30
2020-04-11;277;1
2020-04-11;279;2
2020-04-11;281;34
2020-04-11;285;9
2020-04-11;289;11
2020-04-11;293;9
2020-04-11;294;2
2020-04-11;296;36
2020-04-11;297;17
2020-04-11;299;32
2020-04-11;301;15
2020-04-11;302;28
2020-04-11;303;19
2020-04-11;307;48
2020-04-11;308;7
2020-04-11;310;19
2020-04-11;312;7
2020-04-11;313;4
2020-04-11;317;1
2020-04-11;321;18
2020-04-11;327;7
2020-04-11;331;17
2020-04-11;335;12
2020-04-11;339;4
2020-04-11;340;3
2020-04-11;342;17
2020-04-11;344;154
2020-04-11;345;28
2020-04-11;351;7
2020-04-11;352;7
2020-04-11;353;29
2020-04-11;355;26
2020-04-11;356;29
2020-04-11;358;7
2020-04-11;361;43
2020-04-11;362;42
2020-04-11;363;354
2020-04-11;370;4
2020-04-11;373;16
2020-04-11;375;13
2020-04-11;376;5
2020-04-11;377;5
2020-04-11;383;13
2020-04-11;384;4
2020-04-11;385;19
2020-04-11;388;16
2020-04-11;392;49
2020-04-11;394;49
2020-04-11;396;21
2020-04-11;397;8
2020-04-11;398;22
2020-04-11;399;9
2020-04-11;400;8
2020-04-11;402;20
2020-04-11;405;23
2020-04-11;406;17
2020-04-11;415;3
2020-04-11;416;15
2020-04-11;417;8
2020-04-11;420;14
2020-04-11;431;8
2020-04-11;432;1
2020-04-11;437;5
2020-04-11;439;55
2020-04-11;441;15
2020-04-11;448;3
2020-04-11;450;3
2020-04-11;451;12
2020-04-11;453;25
2020-04-11;457;9
2020-04-11;473;8
2020-04-11;479;88
2020-04-11;482;8
2020-04-11;484;46
2020-04-11;489;27
2020-04-11;498;2
2020-04-11;501;11
2020-04-11;502;29
2020-04-11;503;36
2020-04-11;505;61
2020-04-11;512;14
2020-04-11;513;28
2020-04-11;518;191
2020-04-11;523;1
2020-04-11;530;11
2020-04-11;531;5
2020-04-11;532;16
2020-04-11;534;6
2020-04-11;537;17
2020-04-11;542;6
2020-04-11;546;31
2020-04-11;547;9
2020-04-11;553;5
2020-04-11;556;13
2020-04-11;569;7
2020-04-11;575;12
2020-04-11;579;6
2020-04-11;589;21
2020-04-11;590;7
2020-04-11;597;28
2020-04-11;599;261
2020-04-11;603;16
2020-04-11;606;30
2020-04-11;610;6
2020-04-11;613;7
2020-04-11;614;6
2020-04-11;622;27
2020-04-11;626;8
2020-04-11;627;11
2020-04-11;629;7
2020-04-11;632;37
2020-04-11;637;34
2020-04-11;638;2
2020-04-11;642;12
2020-04-11;654;4
2020-04-11;664;9
2020-04-11;668;11
2020-04-11;677;8
2020-04-11;678;2
2020-04-11;687;13
2020-04-11;703;4
2020-04-11;715;19
2020-04-11;716;33
2020-04-11;717;5
2020-04-11;718;8
2020-04-11;736;26
2020-04-11;737;4
2020-04-11;743;11
2020-04-11;744;1
2020-04-11;748;17
2020-04-11;753;27
2020-04-11;755;29
2020-04-11;756;17
2020-04-11;757;17
2020-04-11;758;136
2020-04-11;762;48
2020-04-11;765;4
2020-04-11;766;15
2020-04-11;770;19
2020-04-11;772;111
2020-04-11;777;35
2020-04-11;779;9
2020-04-11;784;16
2020-04-11;785;24
2020-04-11;786;16
2020-04-11;788;15
2020-04-11;794;64
2020-04-11;796;103
2020-04-11;797;35
2020-04-11;798;6
2020-04-11;809;20
2020-04-11;815;9
2020-04-11;820;12
2020-04-11;823;9
2020-04-11;824;16
2020-04-11;826;34
2020-04-11;828;112
2020-04-11;840;7
2020-04-11;845;22
2020-04-11;847;21
2020-04-11;848;23
2020-04-11;851;11
2020-04-11;852;12
2020-04-11;855;158
2020-04-11;856;88
2020-04-11;858;11
2020-04-11;861;21
2020-04-11;865;33
2020-04-11;866;5
2020-04-11;867;23
2020-04-11;873;4
2020-04-11;879;16
2020-04-11;880;16
2020-04-11;882;35
2020-04-11;888;12
2020-04-11;889;18
2020-04-11;893;6
2020-04-11;899;30
2020-04-11;907;14
2020-04-11;917;92
2020-04-11;928;47
2020-04-11;935;122
2020-04-11;938;13
2020-04-11;944;4
2020-04-11;946;27
2020-04-11;957;46
2020-04-11;965;16
2020-04-11;971;36
2020-04-11;981;8
2020-04-11;983;112
2020-04-11;984;35
2020-04-11;986;12
2020-04-11;988;55
2020-04-11;994;13
2020-04-11;995;43
2020-04-11;1507;38
2020-04-11;1509;7
2020-04-11;1525;12
2020-04-11;1581;21
2020-04-11;1586;5
2020-04-11;1598;6
2020-04-11;1621;29
2020-04-11;1640;51
2020-04-11;1641;21
2020-04-11;1652;65
2020-04-11;1655;9
2020-04-11;1658;12
2020-04-11;1659;30
2020-04-11;1667;7
2020-04-11;1669;24
2020-04-11;1674;18
2020-04-11;1676;9
2020-04-11;1680;1
2020-04-11;1681;2
2020-04-11;1684;9
2020-04-11;1685;28
2020-04-11;1690;8
2020-04-11;1695;1
2020-04-11;1696;7
2020-04-11;1699;2
2020-04-11;1700;8
2020-04-11;1701;6
2020-04-11;1702;18
2020-04-11;1705;23
2020-04-11;1706;53
2020-04-11;1708;10
2020-04-11;1709;9
2020-04-11;1711;34
2020-04-11;1714;7
2020-04-11;1719;16
2020-04-11;1721;76
2020-04-11;1723;15
2020-04-11;1724;9
2020-04-11;1728;14
2020-04-11;1729;13
2020-04-11;1730;7
2020-04-11;1731;6
2020-04-11;1734;51
2020-04-11;1735;14
2020-04-11;1740;30
2020-04-11;1742;20
2020-04-11;1771;20
2020-04-11;1773;9
2020-04-11;1774;17
2020-04-11;1783;40
2020-04-11;1842;3
2020-04-11;1859;2
2020-04-11;1876;4
2020-04-11;1883;88
2020-04-11;1884;6
2020-04-11;1891;2
2020-04-11;1892;16
2020-04-11;1894;131
2020-04-11;1895;2
2020-04-11;1896;30
2020-04-11;1900;16
2020-04-11;1901;7
2020-04-11;1903;45
2020-04-11;1904;25
2020-04-11;1911;26
2020-04-11;1916;16
2020-04-11;1924;43
2020-04-11;1926;18
2020-04-11;1930;32
2020-04-11;1931;36
2020-04-11;1940;13
2020-04-11;1942;20
2020-04-11;1945;28
2020-04-11;1948;165
2020-04-11;1949;6
2020-04-11;1950;5
2020-04-11;1952;6
2020-04-11;1954;37
2020-04-11;1955;8
2020-04-11;1959;24
2020-04-11;1960;28
2020-04-11;1961;20
2020-04-11;1963;64
2020-04-11;1966;7
2020-04-11;1969;13
2020-04-11;1970;5
2020-04-11;1978;16
2020-04-12;3;2
2020-04-12;10;5
2020-04-12;14;16
2020-04-12;34;91
2020-04-12;37;2
2020-04-12;47;2
2020-04-12;50;8
2020-04-12;72;2
2020-04-12;74;12
2020-04-12;80;31
2020-04-12;85;1
2020-04-12;86;5
2020-04-12;90;6
2020-04-12;98;2
2020-04-12;106;10
2020-04-12;109;9
2020-04-12;114;13
2020-04-12;118;10
2020-04-12;119;5
2020-04-12;141;18
2020-04-12;147;13
2020-04-12;148;15
2020-04-12;150;35
2020-04-12;153;46
2020-04-12;158;13
2020-04-12;160;18
2020-04-12;163;7
2020-04-12;164;16
2020-04-12;166;47
2020-04-12;168;6
2020-04-12;171;9
2020-04-12;173;14
2020-04-12;175;7
2020-04-12;177;20
2020-04-12;180;7
2020-04-12;183;10
2020-04-12;184;19
2020-04-12;189;4
2020-04-12;193;44
2020-04-12;197;1
2020-04-12;200;37
2020-04-12;202;50
2020-04-12;203;12
2020-04-12;209;18
2020-04-12;213;9
2020-04-12;214;7
2020-04-12;216;20
2020-04-12;221;5
2020-04-12;222;10
2020-04-12;225;19
2020-04-12;226;10
2020-04-12;228;49
2020-04-12;230;11
2020-04-12;232;18
2020-04-12;233;16
2020-04-12;243;15
2020-04-12;244;10
2020-04-12;246;24
2020-04-12;252;16
2020-04-12;262;9
2020-04-12;263;15
2020-04-12;267;21
2020-04-12;268;109
2020-04-12;269;22
2020-04-12;273;3
2020-04-12;274;14
2020-04-12;275;31
2020-04-12;277;1
2020-04-12;279;3
2020-04-12;281;34
2020-04-12;285;10
2020-04-12;289;11
2020-04-12;293;9
2020-04-12;294;3
2020-04-12;296;36
2020-04-12;297;17
2020-04-12;299;36
2020-04-12;301;17
2020-04-12;302;28
2020-04-12;303;19
2020-04-12;307;48
2020-04-12;308;7
2020-04-12;310;19
2020-04-12;312;7
2020-04-12;313;4
2020-04-12;317;1
2020-04-12;321;18
2020-04-12;327;7
2020-04-12;331;17
2020-04-12;335;12
2020-04-12;339;4
2020-04-12;340;3
2020-04-12;342;19
2020-04-12;344;156
2020-04-12;345;30
2020-04-12;351;7
2020-04-12;352;7
2020-04-12;353;30
2020-04-12;355;27
2020-04-12;356;29
2020-04-12;358;7
2020-04-12;361;45
2020-04-12;362;42
2020-04-12;363;355
2020-04-12;370;4
2020-04-12;373;16
2020-04-12;375;14
2020-04-12;376;5
2020-04-12;377;5
2020-04-12;383;13
2020-04-12;384;4
2020-04-12;385;19
2020-04-12;388;17
2020-04-12;392;50
2020-04-12;394;51
2020-04-12;396;21
2020-04-12;397;8
2020-04-12;398;22
2020-04-12;399;9
2020-04-12;400;8
2020-04-12;402;21
2020-04-12;405;23
2020-04-12;406;17
2020-04-12;415;3
2020-04-12;416;15
2020-04-12;417;8
2020-04-12;420;14
2020-04-12;431;8
2020-04-12;432;1
2020-04-12;437;5
2020-04-12;439;55
2020-04-12;441;16
2020-04-12;448;3
2020-04-12;450;3
2020-04-12;451;12
2020-04-12;453;25
2020-04-12;457;9
2020-04-12;473;8
2020-04-12;479;88
2020-04-12;482;8
2020-04-12;484;48
2020-04-12;489;27
2020-04-12;498;2
2020-04-12;501;11
2020-04-12;502;31
2020-04-12;503;36
2020-04-12;505;61
2020-04-12;512;14
2020-04-12;513;29
2020-04-12;518;200
2020-04-12;523;1
2020-04-12;530;11
2020-04-12;531;5
2020-04-12;532;16
2020-04-12;534;6
2020-04-12;537;17
2020-04-12;542;6
2020-04-12;546;31
2020-04-12;547;9
2020-04-12;553;5
2020-04-12;556;14
2020-04-12;569;7
2020-04-12;575;12
2020-04-12;579;6
2020-04-12;589;21
2020-04-12;590;7
2020-04-12;597;28
2020-04-12;599;275
2020-04-12;603;17
2020-04-12;606;30
2020-04-12;610;6
2020-04-12;613;8
2020-04-12;614;6
2020-04-12;622;27
2020-04-12;626;9
2020-04-12;627;11
2020-04-12;629;7
2020-04-12;632;37
2020-04-12;637;34
2020-04-12;638;2
2020-04-12;642;12
2020-04-12;654;4
2020-04-12;664;9
2020-04-12;668;11
2020-04-12;677;8
2020-04-12;678;2
2020-04-12;687;13
2020-04-12;703;4
2020-04-12;715;19
2020-04-12;716;34
2020-04-12;717;5
2020-04-12;718;8
2020-04-12;736;26
2020-04-12;737;4
2020-04-12;743;11
2020-04-12;744;1
2020-04-12;748;17
2020-04-12;753;27
2020-04-12;755;29
2020-04-12;756;17
2020-04-12;757;17
2020-04-12;758;136
2020-04-12;762;48
2020-04-12;765;4
2020-04-12;766;15
2020-04-12;770;19
2020-04-12;772;122
2020-04-12;777;36
2020-04-12;779;9
2020-04-12;784;17
2020-04-12;785;24
2020-04-12;786;17
2020-04-12;788;15
2020-04-12;794;66
2020-04-12;796;106
2020-04-12;797;36
2020-04-12;798;6
2020-04-12;809;20
2020-04-12;815;9
2020-04-12;820;13
2020-04-12;823;10
2020-04-12;824;16
2020-04-12;826;34
2020-04-12;828;112
2020-04-12;840;7
2020-04-12;845;27
2020-04-12;847;24
2020-04-12;848;25
2020-04-12;851;11
2020-04-12;852;12
2020-04-12;855;158
2020-04-12;856;88
2020-04-12;858;13
2020-04-12;861;21
2020-04-12;865;35
2020-04-12;866;5
2020-04-12;867;23
2020-04-12;873;4
2020-04-12;879;16
2020-04-12;880;16
2020-04-12;882;36
2020-04-12;888;12
2020-04-12;889;19
2020-04-12;893;6
2020-04-12;899;32
2020-04-12;907;14
2020-04-12;917;92
2020-04-12;928;46
2020-04-12;935;128
2020-04-12;938;13
2020-04-12;944;5
2020-04-12;946;27
2020-04-12;957;48
2020-04-12;965;17
2020-04-12;971;36
2020-04-12;981;9
2020-04-12;983;113
2020-04-12;984;35
2020-04-12;986;13
2020-04-12;988;55
2020-04-12;994;13
2020-04-12;995;42
2020-04-12;1507;40
2020-04-12;1509;7
2020-04-12;1525;12
2020-04-12;1581;21
2020-04-12;1586;6
2020-04-12;1598;6
2020-04-12;1621;30
2020-04-12;1640;52
2020-04-12;1641;21
2020-04-12;1652;66
2020-04-12;1655;11
2020-04-12;1658;12
2020-04-12;1659;31
2020-04-12;1667;7
2020-04-12;1669;25
2020-04-12;1674;18
2020-04-12;1676;9
2020-04-12;1680;1
2020-04-12;1681;2
2020-04-12;1684;9
2020-04-12;1685;28
2020-04-12;1690;8
2020-04-12;1695;1
2020-04-12;1696;7
2020-04-12;1699;2
2020-04-12;1700;9
2020-04-12;1701;6
2020-04-12;1702;18
2020-04-12;1705;24
2020-04-12;1706;56
2020-04-12;1708;10
2020-04-12;1709;9
2020-04-12;1711;35
2020-04-12;1714;7
2020-04-12;1719;17
2020-04-12;1721;76
2020-04-12;1723;15
2020-04-12;1724;10
2020-04-12;1728;14
2020-04-12;1729;13
2020-04-12;1730;7
2020-04-12;1731;6
2020-04-12;1734;52
2020-04-12;1735;14
2020-04-12;1740;30
2020-04-12;1742;22
2020-04-12;1771;23
2020-04-12;1773;9
2020-04-12;1774;17
2020-04-12;1783;40
2020-04-12;1842;3
2020-04-12;1859;2
2020-04-12;1876;5
2020-04-12;1883;91
2020-04-12;1884;6
2020-04-12;1891;2
2020-04-12;1892;17
2020-04-12;1894;133
2020-04-12;1895;2
2020-04-12;1896;30
2020-04-12;1900;16
2020-04-12;1901;7
2020-04-12;1903;46
2020-04-12;1904;26
2020-04-12;1911;26
2020-04-12;1916;17
2020-04-12;1924;46
2020-04-12;1926;18
2020-04-12;1930;32
2020-04-12;1931;37
2020-04-12;1940;13
2020-04-12;1942;21
2020-04-12;1945;29
2020-04-12;1948;165
2020-04-12;1949;6
2020-04-12;1950;5
2020-04-12;1952;6
2020-04-12;1954;36
2020-04-12;1955;8
2020-04-12;1959;25
2020-04-12;1960;29
2020-04-12;1961;20
2020-04-12;1963;64
2020-04-12;1966;7
2020-04-12;1969;13
2020-04-12;1970;5
2020-04-12;1978;16
2020-04-13;3;2
2020-04-13;10;5
2020-04-13;14;16
2020-04-13;34;94
2020-04-13;37;2
2020-04-13;47;2
2020-04-13;50;8
2020-04-13;72;3
2020-04-13;74;12
2020-04-13;80;31
2020-04-13;85;1
2020-04-13;86;5
2020-04-13;90;6
2020-04-13;98;2
2020-04-13;106;10
2020-04-13;109;9
2020-04-13;114;13
2020-04-13;118;10
2020-04-13;119;5
2020-04-13;141;18
2020-04-13;147;13
2020-04-13;148;15
2020-04-13;150;36
2020-04-13;153;46
2020-04-13;158;13
2020-04-13;160;18
2020-04-13;163;7
2020-04-13;164;16
2020-04-13;166;47
2020-04-13;168;6
2020-04-13;171;9
2020-04-13;173;14
2020-04-13;175;7
2020-04-13;177;20
2020-04-13;180;7
2020-04-13;183;10
2020-04-13;184;19
2020-04-13;189;4
2020-04-13;193;46
2020-04-13;197;2
2020-04-13;200;38
2020-04-13;202;50
2020-04-13;203;12
2020-04-13;209;18
2020-04-13;213;9
2020-04-13;214;7
2020-04-13;216;20
2020-04-13;221;5
2020-04-13;222;10
2020-04-13;225;19
2020-04-13;226;10
2020-04-13;228;49
2020-04-13;230;11
2020-04-13;232;18
2020-04-13;233;16
2020-04-13;243;15
2020-04-13;244;10
2020-04-13;246;25
2020-04-13;252;16
2020-04-13;262;9
2020-04-13;263;15
2020-04-13;267;21
2020-04-13;268;109
2020-04-13;269;22
2020-04-13;273;3
2020-04-13;274;14
2020-04-13;275;31
2020-04-13;277;1
2020-04-13;279;3
2020-04-13;281;34
2020-04-13;285;10
2020-04-13;289;13
2020-04-13;293;9
2020-04-13;294;3
2020-04-13;296;36
2020-04-13;297;17
2020-04-13;299;38
2020-04-13;301;17
2020-04-13;302;28
2020-04-13;303;21
2020-04-13;307;48
2020-04-13;308;8
2020-04-13;310;19
2020-04-13;312;7
2020-04-13;313;4
2020-04-13;317;1
2020-04-13;321;18
2020-04-13;327;7
2020-04-13;331;17
2020-04-13;335;12
2020-04-13;339;4
2020-04-13;340;3
2020-04-13;342;19
2020-04-13;344;158
2020-04-13;345;30
2020-04-13;351;8
2020-04-13;352;7
2020-04-13;353;30
2020-04-13;355;29
2020-04-13;356;30
2020-04-13;358;7
2020-04-13;361;47
2020-04-13;362;42
2020-04-13;363;368
2020-04-13;370;4
2020-04-13;373;16
2020-04-13;375;15
2020-04-13;376;5
2020-04-13;377;5
2020-04-13;383;13
2020-04-13;384;4
2020-04-13;385;19
2020-04-13;388;17
2020-04-13;392;52
2020-04-13;394;51
2020-04-13;396;21
2020-04-13;397;9
2020-04-13;398;22
2020-04-13;399;9
2020-04-13;400;8
2020-04-13;402;21
2020-04-13;405;23
2020-04-13;406;17
2020-04-13;415;3
2020-04-13;416;15
2020-04-13;417;8
2020-04-13;420;14
2020-04-13;431;8
2020-04-13;432;1
2020-04-13;437;5
2020-04-13;439;55
2020-04-13;441;16
2020-04-13;448;3
2020-04-13;450;4
2020-04-13;451;12
2020-04-13;453;25
2020-04-13;457;9
2020-04-13;473;9
2020-04-13;479;88
2020-04-13;482;8
2020-04-13;484;49
2020-04-13;489;28
2020-04-13;498;2
2020-04-13;501;11
2020-04-13;502;31
2020-04-13;503;36
2020-04-13;505;61
2020-04-13;512;14
2020-04-13;513;30
2020-04-13;518;207
2020-04-13;523;1
2020-04-13;530;11
2020-04-13;531;5
2020-04-13;532;16
2020-04-13;534;6
2020-04-13;537;17
2020-04-13;542;8
2020-04-13;546;32
2020-04-13;547;9
2020-04-13;553;5
2020-04-13;556;14
2020-04-13;569;7
2020-04-13;575;13
2020-04-13;579;6
2020-04-13;589;21
2020-04-13;590;7
2020-04-13;597;29
2020-04-13;599;282
2020-04-13;603;17
2020-04-13;606;33
2020-04-13;610;6
2020-04-13;613;8
2020-04-13;614;6
2020-04-13;622;27
2020-04-13;626;9
2020-04-13;627;11
2020-04-13;629;7
2020-04-13;632;39
2020-04-13;637;36
2020-04-13;638;2
2020-04-13;642;12
2020-04-13;654;4
2020-04-13;664;9
2020-04-13;668;12
2020-04-13;677;8
2020-04-13;678;2
2020-04-13;687;13
2020-04-13;703;4
2020-04-13;715;19
2020-04-13;716;34
2020-04-13;717;5
2020-04-13;718;8
2020-04-13;736;26
2020-04-13;737;4
2020-04-13;743;12
2020-04-13;744;1
2020-04-13;748;17
2020-04-13;753;31
2020-04-13;755;31
2020-04-13;756;17
2020-04-13;757;17
2020-04-13;758;137
2020-04-13;762;50
2020-04-13;765;4
2020-04-13;766;15
2020-04-13;770;20
2020-04-13;772;133
2020-04-13;777;37
2020-04-13;779;9
2020-04-13;784;17
2020-04-13;785;24
2020-04-13;786;17
2020-04-13;788;15
2020-04-13;794;74
2020-04-13;796;106
2020-04-13;797;36
2020-04-13;798;6
2020-04-13;809;20
2020-04-13;815;9
2020-04-13;820;13
2020-04-13;823;12
2020-04-13;824;16
2020-04-13;826;34
2020-04-13;828;112
2020-04-13;840;7
2020-04-13;845;28
2020-04-13;847;26
2020-04-13;848;27
2020-04-13;851;11
2020-04-13;852;12
2020-04-13;855;158
2020-04-13;856;88
2020-04-13;858;13
2020-04-13;861;23
2020-04-13;865;36
2020-04-13;866;5
2020-04-13;867;23
2020-04-13;873;4
2020-04-13;879;16
2020-04-13;880;16
2020-04-13;882;36
2020-04-13;888;13
2020-04-13;889;19
2020-04-13;893;6
2020-04-13;899;32
2020-04-13;907;14
2020-04-13;917;92
2020-04-13;928;46
2020-04-13;935;128
2020-04-13;938;13
2020-04-13;944;5
2020-04-13;946;28
2020-04-13;957;48
2020-04-13;965;17
2020-04-13;971;36
2020-04-13;981;9
2020-04-13;983;115
2020-04-13;984;35
2020-04-13;986;13
2020-04-13;988;55
2020-04-13;994;13
2020-04-13;995;43
2020-04-13;1507;40
2020-04-13;1509;8
2020-04-13;1525;12
2020-04-13;1581;21
2020-04-13;1586;8
2020-04-13;1598;6
2020-04-13;1621;30
2020-04-13;1640;52
2020-04-13;1641;21
2020-04-13;1652;67
2020-04-13;1655;11
2020-04-13;1658;12
2020-04-13;1659;33
2020-04-13;1667;8
2020-04-13;1669;25
2020-04-13;1674;19
2020-04-13;1676;9
2020-04-13;1680;1
2020-04-13;1681;2
2020-04-13;1684;9
2020-04-13;1685;29
2020-04-13;1690;8
2020-04-13;1695;1
2020-04-13;1696;7
2020-04-13;1699;2
2020-04-13;1700;9
2020-04-13;1701;6
2020-04-13;1702;18
2020-04-13;1705;24
2020-04-13;1706;57
2020-04-13;1708;11
2020-04-13;1709;9
2020-04-13;1711;35
2020-04-13;1714;7
2020-04-13;1719;17
2020-04-13;1721;76
2020-04-13;1723;15
2020-04-13;1724;12
2020-04-13;1728;15
2020-04-13;1729;13
2020-04-13;1730;7
2020-04-13;1731;6
2020-04-13;1734;52
2020-04-13;1735;14
2020-04-13;1740;31
2020-04-13;1742;22
2020-04-13;1771;23
2020-04-13;1773;9
2020-04-13;1774;17
2020-04-13;1783;41
2020-04-13;1842;3
2020-04-13;1859;3
2020-04-13;1876;5
2020-04-13;1883;91
2020-04-13;1884;6
2020-04-13;1891;2
2020-04-13;1892;17
2020-04-13;1894;133
2020-04-13;1895;2
2020-04-13;1896;31
2020-04-13;1900;16
2020-04-13;1901;7
2020-04-13;1903;46
2020-04-13;1904;26
2020-04-13;1911;26
2020-04-13;1916;17
2020-04-13;1924;46
2020-04-13;1926;19
2020-04-13;1930;32
2020-04-13;1931;38
2020-04-13;1940;13
2020-04-13;1942;21
2020-04-13;1945;29
2020-04-13;1948;166
2020-04-13;1949;7
2020-04-13;1950;5
2020-04-13;1952;6
2020-04-13;1954;36
2020-04-13;1955;8
2020-04-13;1959;25
2020-04-13;1960;32
2020-04-13;1961;20
2020-04-13;1963;64
2020-04-13;1966;7
2020-04-13;1969;14
2020-04-13;1970;5
2020-04-13;1978;16
2020-04-14;3;2
2020-04-14;10;5
2020-04-14;14;16
2020-04-14;34;95
2020-04-14;37;2
2020-04-14;47;2
2020-04-14;50;8
2020-04-14;72;3
2020-04-14;74;12
2020-04-14;80;31
2020-04-14;85;1
2020-04-14;86;5
2020-04-14;90;7
2020-04-14;98;2
2020-04-14;106;10
2020-04-14;109;9
2020-04-14;114;13
2020-04-14;118;10
2020-04-14;119;5
2020-04-14;141;18
2020-04-14;147;13
2020-04-14;148;15
2020-04-14;150;37
2020-04-14;153;47
2020-04-14;158;13
2020-04-14;160;20
2020-04-14;163;7
2020-04-14;164;16
2020-04-14;166;51
2020-04-14;168;6
2020-04-14;171;9
2020-04-14;173;14
2020-04-14;175;7
2020-04-14;177;20
2020-04-14;180;7
2020-04-14;183;10
2020-04-14;184;19
2020-04-14;189;4
2020-04-14;193;50
2020-04-14;197;2
2020-04-14;200;38
2020-04-14;202;53
2020-04-14;203;12
2020-04-14;209;18
2020-04-14;213;9
2020-04-14;214;7
2020-04-14;216;20
2020-04-14;221;5
2020-04-14;222;11
2020-04-14;225;19
2020-04-14;226;10
2020-04-14;228;49
2020-04-14;230;12
2020-04-14;232;22
2020-04-14;233;18
2020-04-14;243;15
2020-04-14;244;10
2020-04-14;246;26
2020-04-14;252;16
2020-04-14;262;10
2020-04-14;263;15
2020-04-14;267;21
2020-04-14;268;111
2020-04-14;269;23
2020-04-14;273;3
2020-04-14;274;14
2020-04-14;275;31
2020-04-14;277;1
2020-04-14;279;3
2020-04-14;281;34
2020-04-14;285;10
2020-04-14;289;14
2020-04-14;293;10
2020-04-14;294;3
2020-04-14;296;37
2020-04-14;297;17
2020-04-14;299;39
2020-04-14;301;17
2020-04-14;302;29
2020-04-14;303;21
2020-04-14;307;48
2020-04-14;308;8
2020-04-14;310;19
2020-04-14;312;7
2020-04-14;313;4
2020-04-14;317;1
2020-04-14;321;18
2020-04-14;327;8
2020-04-14;331;17
2020-04-14;335;12
2020-04-14;339;4
2020-04-14;340;4
2020-04-14;342;20
2020-04-14;344;163
2020-04-14;345;32
2020-04-14;351;8
2020-04-14;352;8
2020-04-14;353;31
2020-04-14;355;29
2020-04-14;356;30
2020-04-14;358;7
2020-04-14;361;47
2020-04-14;362;45
2020-04-14;363;401
2020-04-14;370;4
2020-04-14;373;16
2020-04-14;375;15
2020-04-14;376;5
2020-04-14;377;6
2020-04-14;383;13
2020-04-14;384;5
2020-04-14;385;19
2020-04-14;388;17
2020-04-14;392;52
2020-04-14;394;53
2020-04-14;396;25
2020-04-14;397;9
2020-04-14;398;22
2020-04-14;399;9
2020-04-14;400;8
2020-04-14;402;21
2020-04-14;405;24
2020-04-14;406;18
2020-04-14;415;3
2020-04-14;416;15
2020-04-14;417;8
2020-04-14;420;15
2020-04-14;431;8
2020-04-14;432;1
2020-04-14;437;5
2020-04-14;439;55
2020-04-14;441;16
2020-04-14;448;4
2020-04-14;450;4
2020-04-14;451;12
2020-04-14;453;25
2020-04-14;457;9
2020-04-14;473;10
2020-04-14;479;88
2020-04-14;482;8
2020-04-14;484;49
2020-04-14;489;28
2020-04-14;498;3
2020-04-14;501;11
2020-04-14;502;33
2020-04-14;503;36
2020-04-14;505;61
2020-04-14;512;14
2020-04-14;513;31
2020-04-14;518;212
2020-04-14;523;1
2020-04-14;530;12
2020-04-14;531;5
2020-04-14;532;16
2020-04-14;534;6
2020-04-14;537;18
2020-04-14;542;8
2020-04-14;546;32
2020-04-14;547;9
2020-04-14;553;5
2020-04-14;556;14
2020-04-14;569;7
2020-04-14;575;13
2020-04-14;579;6
2020-04-14;589;21
2020-04-14;590;7
2020-04-14;597;29
2020-04-14;599;298
2020-04-14;603;18
2020-04-14;606;33
2020-04-14;610;7
2020-04-14;613;8
2020-04-14;614;6
2020-04-14;622;29
2020-04-14;626;9
2020-04-14;627;11
2020-04-14;629;7
2020-04-14;632;42
2020-04-14;637;37
2020-04-14;638;2
2020-04-14;642;12
2020-04-14;654;4
2020-04-14;664;10
2020-04-14;668;12
2020-04-14;677;8
2020-04-14;678;2
2020-04-14;687;13
2020-04-14;703;4
2020-04-14;715;19
2020-04-14;716;34
2020-04-14;717;5
2020-04-14;718;8
2020-04-14;736;27
2020-04-14;737;4
2020-04-14;743;12
2020-04-14;744;1
2020-04-14;748;19
2020-04-14;753;31
2020-04-14;755;31
2020-04-14;756;17
2020-04-14;757;17
2020-04-14;758;138
2020-04-14;762;50
2020-04-14;765;4
2020-04-14;766;15
2020-04-14;770;20
2020-04-14;772;137
2020-04-14;777;37
2020-04-14;779;9
2020-04-14;784;17
2020-04-14;785;25
2020-04-14;786;17
2020-04-14;788;15
2020-04-14;794;81
2020-04-14;796;108
2020-04-14;797;36
2020-04-14;798;6
2020-04-14;809;20
2020-04-14;815;9
2020-04-14;820;14
2020-04-14;823;12
2020-04-14;824;16
2020-04-14;826;34
2020-04-14;828;112
2020-04-14;840;7
2020-04-14;845;29
2020-04-14;847;27
2020-04-14;848;27
2020-04-14;851;11
2020-04-14;852;12
2020-04-14;855;159
2020-04-14;856;88
2020-04-14;858;14
2020-04-14;861;25
2020-04-14;865;36
2020-04-14;866;5
2020-04-14;867;23
2020-04-14;873;4
2020-04-14;879;16
2020-04-14;880;16
2020-04-14;882;41
2020-04-14;888;14
2020-04-14;889;20
2020-04-14;893;6
2020-04-14;899;32
2020-04-14;907;14
2020-04-14;917;94
2020-04-14;928;49
2020-04-14;935;135
2020-04-14;938;15
2020-04-14;944;5
2020-04-14;946;28
2020-04-14;957;48
2020-04-14;965;17
2020-04-14;971;36
2020-04-14;981;9
2020-04-14;983;115
2020-04-14;984;35
2020-04-14;986;14
2020-04-14;988;55
2020-04-14;994;14
2020-04-14;995;43
2020-04-14;1507;40
2020-04-14;1509;9
2020-04-14;1525;12
2020-04-14;1581;21
2020-04-14;1586;8
2020-04-14;1598;7
2020-04-14;1621;32
2020-04-14;1640;52
2020-04-14;1641;21
2020-04-14;1652;69
2020-04-14;1655;11
2020-04-14;1658;12
2020-04-14;1659;34
2020-04-14;1667;8
2020-04-14;1669;25
2020-04-14;1674;19
2020-04-14;1676;10
2020-04-14;1680;1
2020-04-14;1681;2
2020-04-14;1684;9
2020-04-14;1685;29
2020-04-14;1690;8
2020-04-14;1695;1
2020-04-14;1696;7
2020-04-14;1699;2
2020-04-14;1700;9
2020-04-14;1701;6
2020-04-14;1702;18
2020-04-14;1705;24
2020-04-14;1706;57
2020-04-14;1708;11
2020-04-14;1709;9
2020-04-14;1711;35
2020-04-14;1714;7
2020-04-14;1719;17
2020-04-14;1721;76
2020-04-14;1723;15
2020-04-14;1724;13
2020-04-14;1728;15
2020-04-14;1729;14
2020-04-14;1730;7
2020-04-14;1731;6
2020-04-14;1734;53
2020-04-14;1735;14
2020-04-14;1740;31
2020-04-14;1742;23
2020-04-14;1771;23
2020-04-14;1773;10
2020-04-14;1774;17
2020-04-14;1783;42
2020-04-14;1842;4
2020-04-14;1859;5
2020-04-14;1876;5
2020-04-14;1883;91
2020-04-14;1884;6
2020-04-14;1891;2
2020-04-14;1892;17
2020-04-14;1894;134
2020-04-14;1895;2
2020-04-14;1896;31
2020-04-14;1900;16
2020-04-14;1901;7
2020-04-14;1903;47
2020-04-14;1904;26
2020-04-14;1911;26
2020-04-14;1916;17
2020-04-14;1924;47
2020-04-14;1926;19
2020-04-14;1930;32
2020-04-14;1931;40
2020-04-14;1940;13
2020-04-14;1942;21
2020-04-14;1945;29
2020-04-14;1948;166
2020-04-14;1949;8
2020-04-14;1950;5
2020-04-14;1952;6
2020-04-14;1954;40
2020-04-14;1955;9
2020-04-14;1959;27
2020-04-14;1960;32
2020-04-14;1961;20
2020-04-14;1963;64
2020-04-14;1966;7
2020-04-14;1969;14
2020-04-14;1970;6
2020-04-14;1978;16
